date,market_id,available_units,climate_control_units,avg_occupancy_pct
2026-01-01,M001,26,192,64.6
2026-01-01,M002,276,171,93.5
2026-01-01,M003,86,85,64.4
2026-01-01,M004,28,202,82.7
2026-01-01,M005,154,145,93.4
2026-01-01,M006,238,130,86.3
2026-01-01,M007,271,64,66.8
2026-01-01,M008,357,197,67.5
2026-01-01,M009,483,37,66.6
2026-01-01,M010,517,225,75.0
2026-01-01,M011,361,234,86.3
2026-01-01,M012,375,64,72.4
2026-01-01,M013,502,238,75.1
2026-01-01,M014,497,71,82.5
2026-01-01,M015,456,181,73.9
2026-01-01,M016,497,71,64.9
2026-01-01,M017,466,11,72.9
2026-01-01,M018,64,185,66.6
2026-01-01,M019,414,82,81.2
2026-01-01,M020,336,234,90.0
2026-01-02,M001,261,33,92.4
2026-01-02,M002,259,230,77.2
2026-01-02,M003,28,170,88.6
2026-01-02,M004,436,148,75.3
2026-01-02,M005,371,138,90.7
2026-01-02,M006,177,225,67.1
2026-01-02,M007,474,18,72.7
2026-01-02,M008,84,191,93.7
2026-01-02,M009,121,153,71.1
2026-01-02,M010,121,78,79.1
2026-01-02,M011,75,195,84.2
2026-01-02,M012,325,112,84.2
2026-01-02,M013,428,143,79.4
2026-01-02,M014,363,63,69.0
2026-01-02,M015,320,82,80.6
2026-01-02,M016,77,64,84.8
2026-01-02,M017,33,133,94.1
2026-01-02,M018,324,58,73.2
2026-01-02,M019,34,80,68.4
2026-01-02,M020,143,186,90.0
2026-01-03,M001,127,161,65.5
2026-01-03,M002,156,41,90.5
2026-01-03,M003,357,34,90.4
2026-01-03,M004,315,233,92.7
2026-01-03,M005,149,154,77.4
2026-01-03,M006,381,235,82.8
2026-01-03,M007,146,119,86.1
2026-01-03,M008,144,93,77.1
2026-01-03,M009,412,122,67.2
2026-01-03,M010,312,33,90.3
2026-01-03,M011,250,85,72.1
2026-01-03,M012,229,16,90.1
2026-01-03,M013,45,57,87.9
2026-01-03,M014,101,22,80.2
2026-01-03,M015,483,208,78.8
2026-01-03,M016,457,136,80.3
2026-01-03,M017,190,139,84.8
2026-01-03,M018,436,90,84.1
2026-01-03,M019,66,179,81.6
2026-01-03,M020,230,76,93.4
2026-01-04,M001,213,58,87.0
2026-01-04,M002,514,115,68.8
2026-01-04,M003,485,102,83.4
2026-01-04,M004,351,186,82.6
2026-01-04,M005,75,36,93.9
2026-01-04,M006,480,73,78.6
2026-01-04,M007,453,172,91.7
2026-01-04,M008,423,213,66.2
2026-01-04,M009,360,140,91.9
2026-01-04,M010,248,149,78.0
2026-01-04,M011,32,85,64.2
2026-01-04,M012,131,94,67.2
2026-01-04,M013,449,121,71.7
2026-01-04,M014,177,99,80.5
2026-01-04,M015,376,190,65.6
2026-01-04,M016,478,176,71.8
2026-01-04,M017,465,219,84.0
2026-01-04,M018,233,208,73.2
2026-01-04,M019,38,213,83.0
2026-01-04,M020,216,101,95.5
2026-01-05,M001,305,158,90.0
2026-01-05,M002,351,194,82.5
2026-01-05,M003,330,21,79.8
2026-01-05,M004,148,35,68.4
2026-01-05,M005,129,144,78.0
2026-01-05,M006,392,128,66.5
2026-01-05,M007,108,201,71.4
2026-01-05,M008,372,120,90.7
2026-01-05,M009,335,50,89.6
2026-01-05,M010,173,79,91.7
2026-01-05,M011,143,89,81.5
2026-01-05,M012,435,95,82.0
2026-01-05,M013,192,9,66.0
2026-01-05,M014,189,110,78.9
2026-01-05,M015,194,199,68.8
2026-01-05,M016,87,174,64.2
2026-01-05,M017,342,123,72.9
2026-01-05,M018,280,12,72.6
2026-01-05,M019,263,55,79.6
2026-01-05,M020,455,137,85.2
2026-01-06,M001,161,63,90.8
2026-01-06,M002,93,52,79.2
2026-01-06,M003,291,132,94.8
2026-01-06,M004,100,169,79.2
2026-01-06,M005,405,92,75.2
2026-01-06,M006,334,136,91.0
2026-01-06,M007,119,173,65.9
2026-01-06,M008,403,55,94.5
2026-01-06,M009,385,240,65.9
2026-01-06,M010,456,189,93.8
2026-01-06,M011,172,159,71.5
2026-01-06,M012,115,134,80.9
2026-01-06,M013,345,190,72.6
2026-01-06,M014,470,190,84.4
2026-01-06,M015,467,34,82.6
2026-01-06,M016,212,56,68.5
2026-01-06,M017,41,216,76.9
2026-01-06,M018,303,227,69.8
2026-01-06,M019,141,153,83.2
2026-01-06,M020,135,17,72.0
2026-01-07,M001,450,43,85.3
2026-01-07,M002,156,49,91.0
2026-01-07,M003,317,68,82.9
2026-01-07,M004,347,166,89.7
2026-01-07,M005,362,13,77.6
2026-01-07,M006,497,237,68.7
2026-01-07,M007,333,73,79.2
2026-01-07,M008,474,190,91.2
2026-01-07,M009,502,180,89.9
2026-01-07,M010,444,158,71.6
2026-01-07,M011,340,202,66.9
2026-01-07,M012,282,226,90.9
2026-01-07,M013,207,196,67.3
2026-01-07,M014,354,56,85.7
2026-01-07,M015,38,60,73.3
2026-01-07,M016,430,114,88.8
2026-01-07,M017,79,125,94.4
2026-01-07,M018,173,12,94.0
2026-01-07,M019,349,111,74.1
2026-01-07,M020,100,123,88.4
2026-01-08,M001,341,73,78.7
2026-01-08,M002,126,208,71.2
2026-01-08,M003,42,17,74.7
2026-01-08,M004,89,32,84.7
2026-01-08,M005,121,47,86.5
2026-01-08,M006,503,12,80.1
2026-01-08,M007,292,111,67.2
2026-01-08,M008,272,49,88.6
2026-01-08,M009,59,127,71.3
2026-01-08,M010,410,173,90.3
2026-01-08,M011,31,86,67.7
2026-01-08,M012,298,125,64.2
2026-01-08,M013,310,162,80.7
2026-01-08,M014,443,209,73.5
2026-01-08,M015,269,168,88.7
2026-01-08,M016,89,64,85.3
2026-01-08,M017,43,123,83.6
2026-01-08,M018,472,33,76.0
2026-01-08,M019,491,144,74.1
2026-01-08,M020,323,149,92.3
2026-01-09,M001,209,206,70.8
2026-01-09,M002,207,97,70.5
2026-01-09,M003,102,232,84.6
2026-01-09,M004,237,147,82.6
2026-01-09,M005,37,69,66.4
2026-01-09,M006,446,164,72.9
2026-01-09,M007,182,189,73.2
2026-01-09,M008,111,11,69.2
2026-01-09,M009,180,142,80.4
2026-01-09,M010,516,168,84.4
2026-01-09,M011,411,91,65.4
2026-01-09,M012,53,28,79.5
2026-01-09,M013,276,86,70.4
2026-01-09,M014,469,124,74.5
2026-01-09,M015,78,214,68.3
2026-01-09,M016,238,132,88.7
2026-01-09,M017,95,12,87.9
2026-01-09,M018,324,117,91.8
2026-01-09,M019,252,84,92.9
2026-01-09,M020,402,194,81.3
2026-01-10,M001,222,124,84.4
2026-01-10,M002,211,234,94.6
2026-01-10,M003,410,40,74.6
2026-01-10,M004,28,194,85.7
2026-01-10,M005,319,91,81.1
2026-01-10,M006,391,190,85.1
2026-01-10,M007,247,164,94.3
2026-01-10,M008,258,121,72.1
2026-01-10,M009,50,208,66.3
2026-01-10,M010,303,28,89.1
2026-01-10,M011,204,35,93.5
2026-01-10,M012,281,228,86.4
2026-01-10,M013,490,186,81.9
2026-01-10,M014,327,113,71.2
2026-01-10,M015,281,73,76.3
2026-01-10,M016,385,9,78.1
2026-01-10,M017,436,68,73.4
2026-01-10,M018,196,93,78.7
2026-01-10,M019,337,164,72.7
2026-01-10,M020,217,90,68.1
2026-01-11,M001,61,170,76.6
2026-01-11,M002,491,238,79.4
2026-01-11,M003,214,161,71.3
2026-01-11,M004,225,204,64.4
2026-01-11,M005,143,229,73.7
2026-01-11,M006,389,90,91.1
2026-01-11,M007,160,152,76.6
2026-01-11,M008,517,107,69.3
2026-01-11,M009,119,124,77.4
2026-01-11,M010,339,38,84.4
2026-01-11,M011,121,90,67.6
2026-01-11,M012,406,177,81.8
2026-01-11,M013,329,155,79.8
2026-01-11,M014,109,156,80.1
2026-01-11,M015,122,73,90.4
2026-01-11,M016,76,123,69.5
2026-01-11,M017,517,85,88.3
2026-01-11,M018,138,208,66.5
2026-01-11,M019,72,28,87.6
2026-01-11,M020,434,61,87.9
2026-01-12,M001,215,183,92.5
2026-01-12,M002,344,113,78.8
2026-01-12,M003,441,201,65.9
2026-01-12,M004,351,177,87.2
2026-01-12,M005,269,96,74.1
2026-01-12,M006,116,32,81.7
2026-01-12,M007,436,190,90.1
2026-01-12,M008,516,124,82.0
2026-01-12,M009,464,50,78.3
2026-01-12,M010,338,200,75.6
2026-01-12,M011,312,108,82.4
2026-01-12,M012,437,34,79.7
2026-01-12,M013,200,111,91.2
2026-01-12,M014,503,208,86.8
2026-01-12,M015,235,98,84.0
2026-01-12,M016,62,16,74.1
2026-01-12,M017,395,35,77.6
2026-01-12,M018,446,88,91.2
2026-01-12,M019,114,61,76.4
2026-01-12,M020,235,127,93.3
2026-01-13,M001,424,180,68.2
2026-01-13,M002,498,239,93.4
2026-01-13,M003,484,114,67.5
2026-01-13,M004,312,126,79.7
2026-01-13,M005,432,98,89.9
2026-01-13,M006,425,97,74.2
2026-01-13,M007,190,30,69.8
2026-01-13,M008,306,193,87.1
2026-01-13,M009,83,38,68.4
2026-01-13,M010,108,134,76.4
2026-01-13,M011,130,153,81.0
2026-01-13,M012,174,166,76.9
2026-01-13,M013,376,12,89.5
2026-01-13,M014,116,12,94.4
2026-01-13,M015,133,69,64.3
2026-01-13,M016,391,240,70.8
2026-01-13,M017,340,135,74.8
2026-01-13,M018,410,147,84.6
2026-01-13,M019,443,201,86.4
2026-01-13,M020,151,85,85.0
2026-01-14,M001,426,31,75.7
2026-01-14,M002,33,95,66.6
2026-01-14,M003,108,167,81.4
2026-01-14,M004,63,140,76.8
2026-01-14,M005,214,201,64.6
2026-01-14,M006,252,182,72.7
2026-01-14,M007,26,101,88.3
2026-01-14,M008,472,78,78.1
2026-01-14,M009,503,12,91.7
2026-01-14,M010,367,160,91.4
2026-01-14,M011,208,75,92.8
2026-01-14,M012,43,163,94.1
2026-01-14,M013,135,198,85.8
2026-01-14,M014,295,30,64.5
2026-01-14,M015,262,216,81.5
2026-01-14,M016,372,143,83.2
2026-01-14,M017,346,228,87.2
2026-01-14,M018,399,160,71.3
2026-01-14,M019,338,238,64.2
2026-01-14,M020,185,134,92.4
2026-01-15,M001,312,184,80.2
2026-01-15,M002,517,191,68.5
2026-01-15,M003,382,197,79.5
2026-01-15,M004,500,109,81.9
2026-01-15,M005,379,167,69.2
2026-01-15,M006,298,205,71.8
2026-01-15,M007,139,130,82.1
2026-01-15,M008,109,229,71.7
2026-01-15,M009,387,24,91.9
2026-01-15,M010,103,58,69.0
2026-01-15,M011,498,28,66.3
2026-01-15,M012,27,154,64.7
2026-01-15,M013,387,193,64.3
2026-01-15,M014,339,26,85.0
2026-01-15,M015,419,36,81.3
2026-01-15,M016,474,156,74.4
2026-01-15,M017,348,89,93.7
2026-01-15,M018,221,154,90.0
2026-01-15,M019,204,98,93.3
2026-01-15,M020,359,170,80.5
2026-01-16,M001,443,20,82.1
2026-01-16,M002,43,182,90.6
2026-01-16,M003,158,230,71.5
2026-01-16,M004,445,218,95.5
2026-01-16,M005,240,183,72.5
2026-01-16,M006,252,113,78.2
2026-01-16,M007,180,66,74.7
2026-01-16,M008,73,71,87.0
2026-01-16,M009,140,52,81.0
2026-01-16,M010,181,160,64.0
2026-01-16,M011,490,111,93.6
2026-01-16,M012,273,61,81.9
2026-01-16,M013,150,165,83.1
2026-01-16,M014,378,26,82.8
2026-01-16,M015,362,10,80.4
2026-01-16,M016,427,121,84.2
2026-01-16,M017,80,11,95.9
2026-01-16,M018,241,75,89.3
2026-01-16,M019,275,80,65.3
2026-01-16,M020,60,221,87.0
2026-01-17,M001,474,170,81.8
2026-01-17,M002,109,64,94.6
2026-01-17,M003,121,136,71.3
2026-01-17,M004,115,106,80.9
2026-01-17,M005,173,185,79.7
2026-01-17,M006,248,188,66.8
2026-01-17,M007,145,128,94.2
2026-01-17,M008,171,211,66.5
2026-01-17,M009,482,221,80.3
2026-01-17,M010,188,235,85.9
2026-01-17,M011,461,210,68.7
2026-01-17,M012,89,160,87.7
2026-01-17,M013,196,197,67.3
2026-01-17,M014,519,88,70.4
2026-01-17,M015,124,232,70.9
2026-01-17,M016,310,97,83.7
2026-01-17,M017,127,132,78.8
2026-01-17,M018,437,38,93.2
2026-01-17,M019,289,109,85.1
2026-01-17,M020,115,194,72.2
2026-01-18,M001,140,171,85.0
2026-01-18,M002,330,92,75.5
2026-01-18,M003,262,14,82.2
2026-01-18,M004,237,235,94.5
2026-01-18,M005,164,189,64.8
2026-01-18,M006,482,100,85.7
2026-01-18,M007,170,100,73.7
2026-01-18,M008,434,56,67.6
2026-01-18,M009,333,112,94.4
2026-01-18,M010,453,226,79.6
2026-01-18,M011,299,216,72.5
2026-01-18,M012,154,96,76.4
2026-01-18,M013,55,42,77.3
2026-01-18,M014,390,237,67.5
2026-01-18,M015,143,136,87.6
2026-01-18,M016,112,153,83.9
2026-01-18,M017,361,50,65.8
2026-01-18,M018,151,27,74.4
2026-01-18,M019,365,177,68.7
2026-01-18,M020,237,120,89.1
2026-01-19,M001,132,224,82.1
2026-01-19,M002,217,193,94.1
2026-01-19,M003,64,53,72.6
2026-01-19,M004,503,238,76.8
2026-01-19,M005,249,34,86.4
2026-01-19,M006,29,106,91.0
2026-01-19,M007,211,152,69.6
2026-01-19,M008,342,98,71.8
2026-01-19,M009,57,31,71.9
2026-01-19,M010,457,50,75.1
2026-01-19,M011,464,170,94.9
2026-01-19,M012,435,73,70.4
2026-01-19,M013,430,189,85.4
2026-01-19,M014,328,128,95.5
2026-01-19,M015,459,96,82.8
2026-01-19,M016,345,137,83.8
2026-01-19,M017,59,111,73.5
2026-01-19,M018,415,66,66.3
2026-01-19,M019,472,235,73.9
2026-01-19,M020,482,95,82.4
2026-01-20,M001,510,156,74.0
2026-01-20,M002,115,163,86.0
2026-01-20,M003,414,36,82.6
2026-01-20,M004,155,228,90.0
2026-01-20,M005,450,26,91.9
2026-01-20,M006,449,188,92.3
2026-01-20,M007,224,181,77.6
2026-01-20,M008,438,17,74.8
2026-01-20,M009,296,226,67.1
2026-01-20,M010,356,92,72.7
2026-01-20,M011,370,166,81.9
2026-01-20,M012,369,76,93.0
2026-01-20,M013,434,60,89.8
2026-01-20,M014,162,148,74.9
2026-01-20,M015,333,131,91.7
2026-01-20,M016,432,224,91.4
2026-01-20,M017,102,226,71.0
2026-01-20,M018,440,64,66.8
2026-01-20,M019,469,195,94.9
2026-01-20,M020,107,93,66.9
2026-01-21,M001,178,84,95.5
2026-01-21,M002,458,170,91.6
2026-01-21,M003,398,146,94.8
2026-01-21,M004,200,172,67.8
2026-01-21,M005,359,102,72.8
2026-01-21,M006,68,152,80.1
2026-01-21,M007,95,58,85.0
2026-01-21,M008,465,95,77.6
2026-01-21,M009,171,117,90.0
2026-01-21,M010,52,164,68.0
2026-01-21,M011,515,148,87.7
2026-01-21,M012,507,42,85.2
2026-01-21,M013,491,110,64.6
2026-01-21,M014,61,149,70.4
2026-01-21,M015,271,105,91.0
2026-01-21,M016,175,97,76.2
2026-01-21,M017,382,31,87.5
2026-01-21,M018,327,227,88.1
2026-01-21,M019,341,33,76.3
2026-01-21,M020,250,91,72.9
2026-01-22,M001,74,156,68.5
2026-01-22,M002,94,185,89.3
2026-01-22,M003,137,97,83.4
2026-01-22,M004,362,191,71.4
2026-01-22,M005,177,28,90.4
2026-01-22,M006,167,107,75.0
2026-01-22,M007,180,214,73.1
2026-01-22,M008,175,26,81.4
2026-01-22,M009,259,127,69.1
2026-01-22,M010,309,80,86.9
2026-01-22,M011,398,239,94.4
2026-01-22,M012,513,214,71.0
2026-01-22,M013,518,24,77.6
2026-01-22,M014,124,186,89.2
2026-01-22,M015,106,16,84.3
2026-01-22,M016,291,234,69.1
2026-01-22,M017,27,73,74.6
2026-01-22,M018,349,227,80.1
2026-01-22,M019,362,87,78.4
2026-01-22,M020,73,120,82.5
2026-01-23,M001,469,39,91.5
2026-01-23,M002,51,52,92.8
2026-01-23,M003,112,224,82.7
2026-01-23,M004,423,24,67.5
2026-01-23,M005,160,221,84.4
2026-01-23,M006,292,45,73.2
2026-01-23,M007,460,192,77.8
2026-01-23,M008,180,142,74.2
2026-01-23,M009,442,191,70.4
2026-01-23,M010,102,206,76.6
2026-01-23,M011,295,231,95.4
2026-01-23,M012,415,48,84.2
2026-01-23,M013,47,140,91.5
2026-01-23,M014,493,49,86.0
2026-01-23,M015,336,223,87.3
2026-01-23,M016,114,28,92.0
2026-01-23,M017,264,69,67.4
2026-01-23,M018,163,196,67.7
2026-01-23,M019,72,29,84.6
2026-01-23,M020,500,106,95.4
2026-01-24,M001,235,63,85.4
2026-01-24,M002,340,105,94.9
2026-01-24,M003,437,61,64.5
2026-01-24,M004,335,163,80.4
2026-01-24,M005,495,35,87.0
2026-01-24,M006,175,127,84.6
2026-01-24,M007,412,63,71.0
2026-01-24,M008,325,208,65.3
2026-01-24,M009,287,193,90.3
2026-01-24,M010,398,130,80.6
2026-01-24,M011,165,153,85.5
2026-01-24,M012,232,141,83.4
2026-01-24,M013,61,44,83.9
2026-01-24,M014,363,208,69.3
2026-01-24,M015,138,114,82.7
2026-01-24,M016,120,29,87.0
2026-01-24,M017,402,83,76.4
2026-01-24,M018,481,238,84.9
2026-01-24,M019,27,199,71.4
2026-01-24,M020,483,140,85.7
2026-01-25,M001,115,161,91.5
2026-01-25,M002,385,210,85.8
2026-01-25,M003,202,225,90.8
2026-01-25,M004,45,230,68.9
2026-01-25,M005,328,178,66.0
2026-01-25,M006,117,74,87.2
2026-01-25,M007,340,118,76.3
2026-01-25,M008,118,229,73.0
2026-01-25,M009,242,229,64.7
2026-01-25,M010,370,199,80.7
2026-01-25,M011,51,194,90.3
2026-01-25,M012,172,91,88.4
2026-01-25,M013,52,176,80.9
2026-01-25,M014,411,149,80.8
2026-01-25,M015,473,38,81.9
2026-01-25,M016,184,140,85.9
2026-01-25,M017,403,58,76.7
2026-01-25,M018,373,21,69.3
2026-01-25,M019,479,184,71.3
2026-01-25,M020,143,18,66.3
2026-01-26,M001,263,22,92.2
2026-01-26,M002,349,47,65.3
2026-01-26,M003,92,14,65.2
2026-01-26,M004,122,232,75.8
2026-01-26,M005,174,171,69.3
2026-01-26,M006,235,69,76.4
2026-01-26,M007,51,126,72.2
2026-01-26,M008,459,133,75.9
2026-01-26,M009,126,38,67.8
2026-01-26,M010,459,14,79.1
2026-01-26,M011,444,164,84.8
2026-01-26,M012,258,133,74.6
2026-01-26,M013,255,53,86.2
2026-01-26,M014,341,96,86.5
2026-01-26,M015,498,9,91.2
2026-01-26,M016,457,27,70.1
2026-01-26,M017,293,201,86.5
2026-01-26,M018,421,127,83.9
2026-01-26,M019,214,70,65.4
2026-01-26,M020,475,189,71.2
2026-01-27,M001,286,194,91.0
2026-01-27,M002,302,16,68.3
2026-01-27,M003,229,127,78.9
2026-01-27,M004,410,161,81.9
2026-01-27,M005,235,193,69.2
2026-01-27,M006,62,54,81.3
2026-01-27,M007,340,215,79.8
2026-01-27,M008,30,145,72.9
2026-01-27,M009,418,24,76.3
2026-01-27,M010,26,133,73.2
2026-01-27,M011,279,120,78.0
2026-01-27,M012,310,27,68.0
2026-01-27,M013,326,212,88.9
2026-01-27,M014,248,110,80.4
2026-01-27,M015,428,140,72.7
2026-01-27,M016,514,158,65.6
2026-01-27,M017,180,103,78.6
2026-01-27,M018,193,117,87.6
2026-01-27,M019,368,62,92.2
2026-01-27,M020,291,41,65.1
2026-01-28,M001,234,8,74.4
2026-01-28,M002,221,117,75.5
2026-01-28,M003,155,27,83.5
2026-01-28,M004,518,194,95.6
2026-01-28,M005,113,197,66.3
2026-01-28,M006,163,190,87.6
2026-01-28,M007,448,115,69.5
2026-01-28,M008,218,194,85.0
2026-01-28,M009,69,72,91.8
2026-01-28,M010,294,23,65.6
2026-01-28,M011,216,153,70.3
2026-01-28,M012,390,150,89.8
2026-01-28,M013,207,220,87.1
2026-01-28,M014,256,134,71.2
2026-01-28,M015,290,131,95.5
2026-01-28,M016,426,123,68.0
2026-01-28,M017,323,116,84.3
2026-01-28,M018,487,186,83.2
2026-01-28,M019,314,79,71.8
2026-01-28,M020,191,210,85.2
2026-01-29,M001,105,85,64.1
2026-01-29,M002,463,37,68.5
2026-01-29,M003,104,150,92.3
2026-01-29,M004,124,108,85.2
2026-01-29,M005,112,183,93.8
2026-01-29,M006,59,164,74.5
2026-01-29,M007,162,95,67.9
2026-01-29,M008,292,57,69.3
2026-01-29,M009,79,90,75.0
2026-01-29,M010,56,28,67.0
2026-01-29,M011,190,150,79.9
2026-01-29,M012,428,10,87.7
2026-01-29,M013,145,195,68.7
2026-01-29,M014,423,189,76.4
2026-01-29,M015,28,92,81.5
2026-01-29,M016,142,198,69.8
2026-01-29,M017,312,217,88.4
2026-01-29,M018,85,125,72.9
2026-01-29,M019,131,224,71.3
2026-01-29,M020,105,71,65.8
2026-01-30,M001,39,47,89.6
2026-01-30,M002,29,219,84.1
2026-01-30,M003,302,229,75.0
2026-01-30,M004,165,40,78.4
2026-01-30,M005,444,205,86.7
2026-01-30,M006,320,229,88.6
2026-01-30,M007,487,9,81.8
2026-01-30,M008,401,107,73.2
2026-01-30,M009,363,231,84.8
2026-01-30,M010,66,45,88.3
2026-01-30,M011,118,174,88.4
2026-01-30,M012,340,167,65.1
2026-01-30,M013,400,149,94.7
2026-01-30,M014,77,238,66.3
2026-01-30,M015,68,168,92.1
2026-01-30,M016,101,108,87.0
2026-01-30,M017,503,217,92.4
2026-01-30,M018,155,232,91.0
2026-01-30,M019,465,153,75.2
2026-01-30,M020,427,223,81.9
2026-01-31,M001,501,23,82.3
2026-01-31,M002,429,61,64.9
2026-01-31,M003,175,113,93.3
2026-01-31,M004,172,158,83.7
2026-01-31,M005,279,153,75.3
2026-01-31,M006,393,168,66.7
2026-01-31,M007,380,105,77.2
2026-01-31,M008,342,53,72.7
2026-01-31,M009,366,191,93.2
2026-01-31,M010,377,233,64.5
2026-01-31,M011,438,92,86.6
2026-01-31,M012,126,129,78.6
2026-01-31,M013,346,84,91.6
2026-01-31,M014,326,187,93.9
2026-01-31,M015,124,176,64.2
2026-01-31,M016,200,163,93.3
2026-01-31,M017,78,151,87.7
2026-01-31,M018,371,100,78.3
2026-01-31,M019,147,217,68.0
2026-01-31,M020,493,101,94.6
2026-02-01,M001,404,171,81.9
2026-02-01,M002,316,120,80.5
2026-02-01,M003,417,22,80.1
2026-02-01,M004,502,114,77.5
2026-02-01,M005,140,115,75.1
2026-02-01,M006,274,83,83.8
2026-02-01,M007,107,143,95.6
2026-02-01,M008,487,83,93.1
2026-02-01,M009,160,62,75.0
2026-02-01,M010,329,51,75.4
2026-02-01,M011,218,145,87.5
2026-02-01,M012,503,165,76.8
2026-02-01,M013,221,131,88.7
2026-02-01,M014,216,132,90.5
2026-02-01,M015,58,99,86.9
2026-02-01,M016,289,228,91.3
2026-02-01,M017,72,178,75.7
2026-02-01,M018,120,50,77.5
2026-02-01,M019,483,174,85.7
2026-02-01,M020,201,161,78.4
2026-02-02,M001,169,186,66.2
2026-02-02,M002,360,154,90.9
2026-02-02,M003,100,18,82.0
2026-02-02,M004,514,122,80.5
2026-02-02,M005,398,69,82.4
2026-02-02,M006,317,45,79.9
2026-02-02,M007,25,123,86.9
2026-02-02,M008,501,49,73.2
2026-02-02,M009,308,165,84.7
2026-02-02,M010,79,125,84.6
2026-02-02,M011,158,14,76.7
2026-02-02,M012,341,184,67.5
2026-02-02,M013,508,83,75.0
2026-02-02,M014,440,36,90.5
2026-02-02,M015,330,206,78.2
2026-02-02,M016,55,181,85.8
2026-02-02,M017,28,102,85.1
2026-02-02,M018,516,85,80.9
2026-02-02,M019,472,119,65.7
2026-02-02,M020,263,61,77.6
2026-02-03,M001,476,92,68.3
2026-02-03,M002,286,230,67.9
2026-02-03,M003,480,149,66.1
2026-02-03,M004,203,240,70.0
2026-02-03,M005,131,53,79.0
2026-02-03,M006,98,41,79.2
2026-02-03,M007,141,214,71.6
2026-02-03,M008,34,54,87.2
2026-02-03,M009,457,149,71.6
2026-02-03,M010,249,130,90.9
2026-02-03,M011,50,80,74.4
2026-02-03,M012,141,32,87.6
2026-02-03,M013,492,26,69.2
2026-02-03,M014,381,228,91.3
2026-02-03,M015,149,141,64.6
2026-02-03,M016,239,238,78.8
2026-02-03,M017,353,54,83.0
2026-02-03,M018,38,83,89.6
2026-02-03,M019,48,217,64.8
2026-02-03,M020,183,69,95.4
2026-02-04,M001,480,227,68.6
2026-02-04,M002,392,110,78.2
2026-02-04,M003,483,8,91.2
2026-02-04,M004,55,61,90.2
2026-02-04,M005,246,160,84.3
2026-02-04,M006,296,172,67.2
2026-02-04,M007,413,52,66.4
2026-02-04,M008,218,67,79.7
2026-02-04,M009,157,218,88.7
2026-02-04,M010,304,63,88.0
2026-02-04,M011,248,218,69.5
2026-02-04,M012,124,46,65.2
2026-02-04,M013,126,151,71.4
2026-02-04,M014,145,166,75.2
2026-02-04,M015,27,33,68.8
2026-02-04,M016,306,23,88.0
2026-02-04,M017,263,227,66.4
2026-02-04,M018,50,176,85.0
2026-02-04,M019,299,63,82.7
2026-02-04,M020,128,26,82.7
2026-02-05,M001,388,224,85.4
2026-02-05,M002,102,64,70.9
2026-02-05,M003,230,200,91.3
2026-02-05,M004,437,135,95.3
2026-02-05,M005,499,218,80.6
2026-02-05,M006,332,102,75.4
2026-02-05,M007,447,215,81.8
2026-02-05,M008,482,180,67.4
2026-02-05,M009,128,21,86.7
2026-02-05,M010,431,78,72.9
2026-02-05,M011,426,159,79.9
2026-02-05,M012,445,47,87.5
2026-02-05,M013,71,192,91.0
2026-02-05,M014,65,209,84.3
2026-02-05,M015,165,74,87.0
2026-02-05,M016,221,225,71.0
2026-02-05,M017,188,177,86.3
2026-02-05,M018,405,44,70.3
2026-02-05,M019,172,177,77.1
2026-02-05,M020,74,200,75.6
2026-02-06,M001,502,97,94.6
2026-02-06,M002,170,72,78.0
2026-02-06,M003,322,174,87.1
2026-02-06,M004,494,16,67.0
2026-02-06,M005,25,11,88.1
2026-02-06,M006,435,128,70.5
2026-02-06,M007,305,144,90.0
2026-02-06,M008,199,169,71.8
2026-02-06,M009,285,38,92.8
2026-02-06,M010,334,113,88.4
2026-02-06,M011,477,138,84.3
2026-02-06,M012,273,159,91.6
2026-02-06,M013,316,146,95.9
2026-02-06,M014,155,36,92.5
2026-02-06,M015,130,120,72.9
2026-02-06,M016,224,43,91.1
2026-02-06,M017,232,101,91.3
2026-02-06,M018,145,123,91.2
2026-02-06,M019,181,70,93.7
2026-02-06,M020,164,87,90.8
2026-02-07,M001,395,114,91.5
2026-02-07,M002,371,213,74.1
2026-02-07,M003,99,133,86.9
2026-02-07,M004,106,190,83.7
2026-02-07,M005,179,18,71.9
2026-02-07,M006,122,235,86.7
2026-02-07,M007,300,46,64.4
2026-02-07,M008,407,99,81.1
2026-02-07,M009,419,190,78.2
2026-02-07,M010,454,156,77.8
2026-02-07,M011,54,176,94.8
2026-02-07,M012,51,111,84.3
2026-02-07,M013,426,56,92.0
2026-02-07,M014,186,171,94.3
2026-02-07,M015,413,27,74.5
2026-02-07,M016,36,157,80.7
2026-02-07,M017,349,73,94.6
2026-02-07,M018,109,99,89.5
2026-02-07,M019,475,153,92.6
2026-02-07,M020,367,85,68.7
2026-02-08,M001,491,134,68.3
2026-02-08,M002,508,14,92.3
2026-02-08,M003,194,195,64.6
2026-02-08,M004,153,94,66.2
2026-02-08,M005,205,168,70.4
2026-02-08,M006,55,59,85.0
2026-02-08,M007,293,21,68.1
2026-02-08,M008,476,58,91.2
2026-02-08,M009,112,163,72.8
2026-02-08,M010,285,178,65.3
2026-02-08,M011,344,75,68.8
2026-02-08,M012,419,73,83.8
2026-02-08,M013,96,177,67.8
2026-02-08,M014,133,155,72.4
2026-02-08,M015,186,107,72.9
2026-02-08,M016,72,155,64.8
2026-02-08,M017,47,233,87.8
2026-02-08,M018,388,118,91.7
2026-02-08,M019,70,181,80.0
2026-02-08,M020,158,124,65.9
2026-02-09,M001,36,70,77.3
2026-02-09,M002,297,144,82.2
2026-02-09,M003,450,239,88.9
2026-02-09,M004,427,61,79.3
2026-02-09,M005,169,172,82.5
2026-02-09,M006,467,191,90.6
2026-02-09,M007,61,128,92.6
2026-02-09,M008,118,163,90.4
2026-02-09,M009,46,204,71.6
2026-02-09,M010,519,8,70.4
2026-02-09,M011,389,213,71.9
2026-02-09,M012,399,28,72.8
2026-02-09,M013,316,110,91.8
2026-02-09,M014,414,160,90.4
2026-02-09,M015,30,181,68.7
2026-02-09,M016,416,29,89.2
2026-02-09,M017,25,124,92.8
2026-02-09,M018,108,207,88.1
2026-02-09,M019,216,219,78.4
2026-02-09,M020,33,52,74.0
2026-02-10,M001,444,183,72.8
2026-02-10,M002,263,157,90.9
2026-02-10,M003,262,211,80.3
2026-02-10,M004,123,228,95.8
2026-02-10,M005,410,218,86.7
2026-02-10,M006,406,211,77.0
2026-02-10,M007,511,69,89.5
2026-02-10,M008,357,213,86.0
2026-02-10,M009,47,77,83.6
2026-02-10,M010,478,141,95.9
2026-02-10,M011,213,234,86.9
2026-02-10,M012,485,136,69.5
2026-02-10,M013,131,198,90.0
2026-02-10,M014,444,174,90.6
2026-02-10,M015,210,229,77.0
2026-02-10,M016,342,111,92.2
2026-02-10,M017,347,46,80.1
2026-02-10,M018,171,197,91.4
2026-02-10,M019,115,206,82.8
2026-02-10,M020,352,169,66.7
2026-02-11,M001,300,204,68.2
2026-02-11,M002,448,194,77.8
2026-02-11,M003,91,29,87.8
2026-02-11,M004,483,168,88.5
2026-02-11,M005,320,131,66.4
2026-02-11,M006,183,23,66.6
2026-02-11,M007,140,237,70.0
2026-02-11,M008,201,19,86.0
2026-02-11,M009,250,131,75.4
2026-02-11,M010,286,153,92.3
2026-02-11,M011,334,239,89.9
2026-02-11,M012,70,160,76.7
2026-02-11,M013,425,162,87.8
2026-02-11,M014,128,185,75.7
2026-02-11,M015,78,72,81.6
2026-02-11,M016,363,150,66.8
2026-02-11,M017,297,175,95.5
2026-02-11,M018,303,169,64.0
2026-02-11,M019,100,26,92.8
2026-02-11,M020,81,86,85.0
2026-02-12,M001,181,58,65.0
2026-02-12,M002,294,10,86.6
2026-02-12,M003,50,151,94.9
2026-02-12,M004,391,61,74.4
2026-02-12,M005,313,74,78.7
2026-02-12,M006,82,238,92.7
2026-02-12,M007,113,141,93.4
2026-02-12,M008,277,123,85.6
2026-02-12,M009,474,194,79.6
2026-02-12,M010,480,26,95.6
2026-02-12,M011,256,66,90.7
2026-02-12,M012,74,53,94.9
2026-02-12,M013,72,35,74.2
2026-02-12,M014,85,11,78.9
2026-02-12,M015,315,23,72.6
2026-02-12,M016,413,128,66.8
2026-02-12,M017,200,231,84.1
2026-02-12,M018,231,123,91.3
2026-02-12,M019,251,231,66.3
2026-02-12,M020,112,211,80.3
2026-02-13,M001,371,119,78.9
2026-02-13,M002,228,94,70.2
2026-02-13,M003,33,199,73.0
2026-02-13,M004,125,86,66.8
2026-02-13,M005,127,92,94.6
2026-02-13,M006,460,161,93.6
2026-02-13,M007,248,25,66.8
2026-02-13,M008,466,109,83.2
2026-02-13,M009,457,150,78.3
2026-02-13,M010,340,230,71.8
2026-02-13,M011,155,232,71.3
2026-02-13,M012,453,112,73.9
2026-02-13,M013,90,89,66.0
2026-02-13,M014,519,15,73.6
2026-02-13,M015,462,71,74.2
2026-02-13,M016,344,149,65.7
2026-02-13,M017,200,174,90.4
2026-02-13,M018,46,159,92.3
2026-02-13,M019,387,104,92.9
2026-02-13,M020,68,224,80.1
2026-02-14,M001,437,197,88.1
2026-02-14,M002,137,218,76.5
2026-02-14,M003,480,55,74.8
2026-02-14,M004,336,128,86.6
2026-02-14,M005,68,53,83.8
2026-02-14,M006,27,155,71.5
2026-02-14,M007,503,169,87.2
2026-02-14,M008,82,144,65.1
2026-02-14,M009,283,90,72.9
2026-02-14,M010,271,172,65.7
2026-02-14,M011,161,224,80.1
2026-02-14,M012,233,144,66.4
2026-02-14,M013,381,64,88.8
2026-02-14,M014,231,59,73.2
2026-02-14,M015,135,123,78.6
2026-02-14,M016,86,32,70.6
2026-02-14,M017,498,184,82.7
2026-02-14,M018,392,217,65.4
2026-02-14,M019,62,47,70.4
2026-02-14,M020,478,120,89.7
2026-02-15,M001,358,174,87.3
2026-02-15,M002,454,72,73.2
2026-02-15,M003,89,33,78.3
2026-02-15,M004,300,78,75.6
2026-02-15,M005,42,193,84.9
2026-02-15,M006,141,102,89.1
2026-02-15,M007,411,91,83.3
2026-02-15,M008,292,45,94.8
2026-02-15,M009,411,93,64.8
2026-02-15,M010,343,52,76.2
2026-02-15,M011,216,152,78.6
2026-02-15,M012,398,109,91.2
2026-02-15,M013,509,87,93.3
2026-02-15,M014,400,151,78.0
2026-02-15,M015,110,131,65.7
2026-02-15,M016,429,222,68.0
2026-02-15,M017,256,83,95.6
2026-02-15,M018,291,103,83.7
2026-02-15,M019,288,228,64.9
2026-02-15,M020,475,138,87.5
2026-02-16,M001,34,187,85.8
2026-02-16,M002,301,233,73.1
2026-02-16,M003,233,236,94.4
2026-02-16,M004,129,145,73.1
2026-02-16,M005,283,223,78.8
2026-02-16,M006,261,136,71.2
2026-02-16,M007,417,168,78.3
2026-02-16,M008,190,230,76.5
2026-02-16,M009,385,174,85.9
2026-02-16,M010,87,26,78.2
2026-02-16,M011,117,193,71.4
2026-02-16,M012,176,168,82.0
2026-02-16,M013,223,213,83.7
2026-02-16,M014,495,19,71.7
2026-02-16,M015,503,186,71.3
2026-02-16,M016,39,153,91.3
2026-02-16,M017,437,29,85.0
2026-02-16,M018,417,103,91.9
2026-02-16,M019,421,40,77.5
2026-02-16,M020,161,178,87.8
2026-02-17,M001,83,170,90.0
2026-02-17,M002,153,96,77.3
2026-02-17,M003,214,217,70.3
2026-02-17,M004,313,201,64.6
2026-02-17,M005,345,116,95.1
2026-02-17,M006,89,139,86.4
2026-02-17,M007,276,95,70.8
2026-02-17,M008,367,136,83.6
2026-02-17,M009,365,111,81.0
2026-02-17,M010,313,210,78.1
2026-02-17,M011,489,212,67.7
2026-02-17,M012,200,178,84.4
2026-02-17,M013,44,176,75.8
2026-02-17,M014,110,25,91.6
2026-02-17,M015,406,16,84.4
2026-02-17,M016,334,170,67.6
2026-02-17,M017,84,204,75.3
2026-02-17,M018,444,12,80.3
2026-02-17,M019,103,162,92.1
2026-02-17,M020,28,18,67.6
2026-02-18,M001,506,20,86.6
2026-02-18,M002,243,192,65.5
2026-02-18,M003,336,127,89.5
2026-02-18,M004,56,216,73.8
2026-02-18,M005,29,160,64.9
2026-02-18,M006,228,106,69.3
2026-02-18,M007,203,73,72.4
2026-02-18,M008,187,191,68.6
2026-02-18,M009,319,61,89.5
2026-02-18,M010,413,203,95.2
2026-02-18,M011,91,166,68.4
2026-02-18,M012,348,141,69.2
2026-02-18,M013,344,93,82.5
2026-02-18,M014,302,67,79.2
2026-02-18,M015,450,136,72.2
2026-02-18,M016,200,29,68.8
2026-02-18,M017,480,63,74.4
2026-02-18,M018,44,33,94.7
2026-02-18,M019,439,59,73.8
2026-02-18,M020,387,108,68.7
2026-02-19,M001,378,57,79.4
2026-02-19,M002,436,77,80.0
2026-02-19,M003,137,149,93.8
2026-02-19,M004,444,19,80.7
2026-02-19,M005,41,52,88.9
2026-02-19,M006,270,82,89.6
2026-02-19,M007,189,201,82.2
2026-02-19,M008,366,30,83.7
2026-02-19,M009,300,126,93.1
2026-02-19,M010,80,131,67.5
2026-02-19,M011,348,65,92.3
2026-02-19,M012,40,160,85.5
2026-02-19,M013,466,133,79.7
2026-02-19,M014,108,163,95.6
2026-02-19,M015,466,58,88.6
2026-02-19,M016,345,201,65.5
2026-02-19,M017,511,74,64.7
2026-02-19,M018,324,82,66.4
2026-02-19,M019,177,22,72.2
2026-02-19,M020,369,195,93.8
2026-02-20,M001,351,160,86.7
2026-02-20,M002,472,12,70.8
2026-02-20,M003,84,218,92.2
2026-02-20,M004,238,83,66.1
2026-02-20,M005,349,62,75.4
2026-02-20,M006,296,34,79.9
2026-02-20,M007,437,112,73.1
2026-02-20,M008,301,82,70.6
2026-02-20,M009,340,160,88.2
2026-02-20,M010,154,155,70.2
2026-02-20,M011,380,209,67.2
2026-02-20,M012,453,120,72.8
2026-02-20,M013,40,234,71.3
2026-02-20,M014,419,180,81.0
2026-02-20,M015,438,88,78.1
2026-02-20,M016,512,27,79.9
2026-02-20,M017,383,144,71.3
2026-02-20,M018,152,132,90.2
2026-02-20,M019,156,227,80.2
2026-02-20,M020,216,92,93.7
2026-02-21,M001,457,154,71.5
2026-02-21,M002,116,72,78.0
2026-02-21,M003,269,204,68.1
2026-02-21,M004,516,59,70.4
2026-02-21,M005,253,218,72.6
2026-02-21,M006,459,88,83.0
2026-02-21,M007,73,35,73.3
2026-02-21,M008,501,34,76.2
2026-02-21,M009,175,176,89.7
2026-02-21,M010,378,106,94.0
2026-02-21,M011,117,147,93.8
2026-02-21,M012,313,83,71.5
2026-02-21,M013,335,72,93.0
2026-02-21,M014,231,184,76.8
2026-02-21,M015,139,134,81.5
2026-02-21,M016,181,10,76.0
2026-02-21,M017,249,93,90.3
2026-02-21,M018,296,127,92.1
2026-02-21,M019,134,16,78.1
2026-02-21,M020,211,185,95.2
2026-02-22,M001,224,163,78.2
2026-02-22,M002,345,130,82.8
2026-02-22,M003,198,111,83.5
2026-02-22,M004,263,129,68.2
2026-02-22,M005,343,190,73.2
2026-02-22,M006,436,13,71.4
2026-02-22,M007,314,92,83.9
2026-02-22,M008,305,22,96.0
2026-02-22,M009,71,193,93.7
2026-02-22,M010,406,18,74.9
2026-02-22,M011,452,189,95.2
2026-02-22,M012,349,118,72.4
2026-02-22,M013,94,37,66.3
2026-02-22,M014,176,169,75.7
2026-02-22,M015,416,114,88.8
2026-02-22,M016,111,78,84.8
2026-02-22,M017,234,199,85.2
2026-02-22,M018,125,116,76.8
2026-02-22,M019,34,186,88.7
2026-02-22,M020,207,65,79.0
2026-02-23,M001,266,154,86.9
2026-02-23,M002,395,51,85.4
2026-02-23,M003,405,117,64.9
2026-02-23,M004,343,155,77.1
2026-02-23,M005,207,110,89.3
2026-02-23,M006,112,103,66.1
2026-02-23,M007,65,46,89.6
2026-02-23,M008,505,19,66.8
2026-02-23,M009,206,17,73.2
2026-02-23,M010,130,74,78.8
2026-02-23,M011,437,87,77.0
2026-02-23,M012,373,198,66.6
2026-02-23,M013,317,50,94.5
2026-02-23,M014,87,54,80.8
2026-02-23,M015,307,103,68.3
2026-02-23,M016,230,67,77.6
2026-02-23,M017,54,101,74.4
2026-02-23,M018,77,176,71.8
2026-02-23,M019,367,15,79.2
2026-02-23,M020,320,204,89.4
2026-02-24,M001,221,42,95.4
2026-02-24,M002,479,172,79.7
2026-02-24,M003,303,138,72.7
2026-02-24,M004,213,193,93.1
2026-02-24,M005,242,36,89.9
2026-02-24,M006,47,125,70.8
2026-02-24,M007,293,157,80.5
2026-02-24,M008,309,150,89.8
2026-02-24,M009,163,223,85.8
2026-02-24,M010,456,171,68.8
2026-02-24,M011,56,16,92.2
2026-02-24,M012,363,154,66.1
2026-02-24,M013,298,91,71.5
2026-02-24,M014,295,198,68.6
2026-02-24,M015,128,83,73.5
2026-02-24,M016,385,163,68.2
2026-02-24,M017,33,229,85.3
2026-02-24,M018,327,200,77.9
2026-02-24,M019,237,44,66.1
2026-02-24,M020,28,66,73.2
2026-02-25,M001,388,175,86.7
2026-02-25,M002,288,131,81.6
2026-02-25,M003,201,234,76.1
2026-02-25,M004,89,9,95.1
2026-02-25,M005,193,21,71.7
2026-02-25,M006,376,26,83.2
2026-02-25,M007,449,137,71.1
2026-02-25,M008,499,70,77.9
2026-02-25,M009,179,75,68.5
2026-02-25,M010,336,54,69.4
2026-02-25,M011,402,189,64.3
2026-02-25,M012,165,225,95.2
2026-02-25,M013,98,105,76.1
2026-02-25,M014,106,213,66.9
2026-02-25,M015,490,90,78.7
2026-02-25,M016,225,27,71.4
2026-02-25,M017,454,225,79.1
2026-02-25,M018,173,166,88.2
2026-02-25,M019,343,136,81.7
2026-02-25,M020,463,9,73.0
2026-02-26,M001,175,194,87.4
2026-02-26,M002,358,180,88.9
2026-02-26,M003,163,36,82.0
2026-02-26,M004,109,137,79.7
2026-02-26,M005,42,233,95.7
2026-02-26,M006,410,80,70.0
2026-02-26,M007,55,213,80.2
2026-02-26,M008,470,9,77.0
2026-02-26,M009,508,26,86.9
2026-02-26,M010,380,99,78.0
2026-02-26,M011,109,180,81.1
2026-02-26,M012,519,196,68.1
2026-02-26,M013,474,27,85.9
2026-02-26,M014,426,148,92.4
2026-02-26,M015,215,36,66.1
2026-02-26,M016,498,9,93.5
2026-02-26,M017,300,30,85.0
2026-02-26,M018,264,148,83.2
2026-02-26,M019,188,8,86.4
2026-02-26,M020,447,21,65.0
2026-02-27,M001,495,148,85.8
2026-02-27,M002,135,136,81.9
2026-02-27,M003,416,38,71.9
2026-02-27,M004,42,118,94.7
2026-02-27,M005,90,206,64.2
2026-02-27,M006,302,116,85.8
2026-02-27,M007,377,16,75.5
2026-02-27,M008,284,118,85.8
2026-02-27,M009,290,31,87.2
2026-02-27,M010,170,117,71.1
2026-02-27,M011,457,218,83.2
2026-02-27,M012,274,116,80.4
2026-02-27,M013,288,235,83.3
2026-02-27,M014,267,72,77.8
2026-02-27,M015,202,138,64.5
2026-02-27,M016,299,55,84.7
2026-02-27,M017,518,64,87.8
2026-02-27,M018,488,103,82.6
2026-02-27,M019,158,230,78.2
2026-02-27,M020,232,205,82.2
2026-02-28,M001,473,129,64.6
2026-02-28,M002,67,238,86.5
2026-02-28,M003,195,234,69.4
2026-02-28,M004,254,83,91.2
2026-02-28,M005,152,10,78.4
2026-02-28,M006,367,40,85.9
2026-02-28,M007,218,133,86.1
2026-02-28,M008,112,151,65.2
2026-02-28,M009,472,23,94.0
2026-02-28,M010,327,62,80.8
2026-02-28,M011,397,51,84.9
2026-02-28,M012,172,237,84.9
2026-02-28,M013,40,59,65.0
2026-02-28,M014,300,164,93.4
2026-02-28,M015,107,165,71.6
2026-02-28,M016,256,65,80.0
2026-02-28,M017,221,40,84.3
2026-02-28,M018,383,203,79.7
2026-02-28,M019,389,82,82.0
2026-02-28,M020,265,127,89.0
2026-03-01,M001,308,87,92.1
2026-03-01,M002,314,95,73.4
2026-03-01,M003,472,9,92.7
2026-03-01,M004,289,37,88.8
2026-03-01,M005,403,229,79.5
2026-03-01,M006,159,13,78.7
2026-03-01,M007,336,58,86.8
2026-03-01,M008,27,156,64.7
2026-03-01,M009,24,154,76.8
2026-03-01,M010,194,152,65.7
2026-03-01,M011,106,107,93.0
2026-03-01,M012,395,22,73.1
2026-03-01,M013,390,114,81.5
2026-03-01,M014,458,15,82.3
2026-03-01,M015,86,178,86.1
2026-03-01,M016,459,187,88.3
2026-03-01,M017,110,143,92.2
2026-03-01,M018,94,12,83.1
2026-03-01,M019,393,141,96.0
2026-03-01,M020,271,193,71.9
2026-03-02,M001,431,166,70.9
2026-03-02,M002,191,109,82.3
2026-03-02,M003,282,213,78.0
2026-03-02,M004,493,84,74.3
2026-03-02,M005,91,172,77.2
2026-03-02,M006,78,55,86.7
2026-03-02,M007,355,29,65.1
2026-03-02,M008,220,164,85.4
2026-03-02,M009,151,103,93.8
2026-03-02,M010,448,223,78.6
2026-03-02,M011,29,183,77.7
2026-03-02,M012,515,35,68.2
2026-03-02,M013,86,147,92.0
2026-03-02,M014,49,48,67.4
2026-03-02,M015,172,178,70.0
2026-03-02,M016,412,68,69.1
2026-03-02,M017,307,46,94.3
2026-03-02,M018,50,172,77.1
2026-03-02,M019,55,69,76.5
2026-03-02,M020,101,200,85.4
2026-03-03,M001,91,80,64.2
2026-03-03,M002,99,60,73.4
2026-03-03,M003,257,67,86.8
2026-03-03,M004,301,38,81.4
2026-03-03,M005,357,125,69.0
2026-03-03,M006,433,107,66.5
2026-03-03,M007,438,174,82.8
2026-03-03,M008,355,130,72.1
2026-03-03,M009,51,28,80.0
2026-03-03,M010,251,102,87.6
2026-03-03,M011,371,41,71.9
2026-03-03,M012,186,157,74.2
2026-03-03,M013,275,152,64.3
2026-03-03,M014,511,170,68.7
2026-03-03,M015,360,52,85.3
2026-03-03,M016,468,63,84.4
2026-03-03,M017,200,86,70.2
2026-03-03,M018,122,136,74.9
2026-03-03,M019,252,37,86.8
2026-03-03,M020,439,199,92.1
2026-03-04,M001,166,71,78.4
2026-03-04,M002,387,43,71.1
2026-03-04,M003,359,171,66.5
2026-03-04,M004,367,150,77.3
2026-03-04,M005,196,8,73.8
2026-03-04,M006,472,219,71.9
2026-03-04,M007,277,135,87.8
2026-03-04,M008,396,73,82.9
2026-03-04,M009,165,11,94.5
2026-03-04,M010,492,27,65.2
2026-03-04,M011,158,59,65.6
2026-03-04,M012,63,153,71.3
2026-03-04,M013,520,45,87.8
2026-03-04,M014,192,71,94.1
2026-03-04,M015,172,120,86.1
2026-03-04,M016,381,53,85.3
2026-03-04,M017,107,177,83.2
2026-03-04,M018,148,153,94.9
2026-03-04,M019,486,116,67.8
2026-03-04,M020,131,87,89.5
2026-03-05,M001,183,9,78.7
2026-03-05,M002,154,175,85.4
2026-03-05,M003,228,179,70.7
2026-03-05,M004,407,97,90.7
2026-03-05,M005,484,123,71.3
2026-03-05,M006,494,130,91.2
2026-03-05,M007,473,134,71.3
2026-03-05,M008,374,184,88.8
2026-03-05,M009,173,27,92.1
2026-03-05,M010,504,217,69.8
2026-03-05,M011,76,149,75.6
2026-03-05,M012,32,101,91.4
2026-03-05,M013,191,187,84.3
2026-03-05,M014,377,115,68.1
2026-03-05,M015,29,94,76.8
2026-03-05,M016,123,170,76.5
2026-03-05,M017,232,215,76.9
2026-03-05,M018,360,213,88.2
2026-03-05,M019,463,119,74.8
2026-03-05,M020,348,179,90.4
2026-03-06,M001,25,204,91.6
2026-03-06,M002,89,217,73.6
2026-03-06,M003,275,224,94.6
2026-03-06,M004,178,186,93.2
2026-03-06,M005,377,184,94.2
2026-03-06,M006,379,140,82.7
2026-03-06,M007,100,61,86.1
2026-03-06,M008,175,15,73.4
2026-03-06,M009,498,160,80.6
2026-03-06,M010,48,140,85.9
2026-03-06,M011,32,87,73.6
2026-03-06,M012,447,96,94.1
2026-03-06,M013,223,16,82.0
2026-03-06,M014,275,160,77.2
2026-03-06,M015,478,111,69.4
2026-03-06,M016,343,98,70.8
2026-03-06,M017,428,215,69.5
2026-03-06,M018,374,111,79.7
2026-03-06,M019,286,168,72.6
2026-03-06,M020,216,202,79.7
2026-03-07,M001,70,154,67.7
2026-03-07,M002,218,53,81.4
2026-03-07,M003,297,112,66.8
2026-03-07,M004,202,183,85.2
2026-03-07,M005,280,103,90.4
2026-03-07,M006,385,82,71.1
2026-03-07,M007,240,189,65.6
2026-03-07,M008,59,119,92.6
2026-03-07,M009,286,197,64.9
2026-03-07,M010,145,164,68.1
2026-03-07,M011,350,43,72.7
2026-03-07,M012,225,84,78.1
2026-03-07,M013,317,232,77.6
2026-03-07,M014,462,228,75.4
2026-03-07,M015,352,140,84.6
2026-03-07,M016,439,215,80.7
2026-03-07,M017,472,96,66.3
2026-03-07,M018,478,168,88.5
2026-03-07,M019,486,167,82.4
2026-03-07,M020,317,20,77.1
2026-03-08,M001,37,71,78.2
2026-03-08,M002,367,178,76.0
2026-03-08,M003,435,130,93.6
2026-03-08,M004,455,49,74.0
2026-03-08,M005,395,24,71.9
2026-03-08,M006,258,46,77.8
2026-03-08,M007,94,218,93.9
2026-03-08,M008,252,49,86.4
2026-03-08,M009,356,85,81.2
2026-03-08,M010,429,234,66.7
2026-03-08,M011,275,176,70.7
2026-03-08,M012,222,76,67.7
2026-03-08,M013,210,91,86.2
2026-03-08,M014,155,39,86.5
2026-03-08,M015,93,153,64.2
2026-03-08,M016,268,209,86.2
2026-03-08,M017,123,40,71.9
2026-03-08,M018,169,169,72.2
2026-03-08,M019,278,190,78.1
2026-03-08,M020,431,109,90.8
2026-03-09,M001,462,128,86.3
2026-03-09,M002,418,34,74.0
2026-03-09,M003,495,181,75.4
2026-03-09,M004,332,213,91.1
2026-03-09,M005,362,154,88.6
2026-03-09,M006,294,11,82.3
2026-03-09,M007,158,154,93.2
2026-03-09,M008,72,128,77.5
2026-03-09,M009,381,11,87.6
2026-03-09,M010,223,234,95.7
2026-03-09,M011,479,39,71.1
2026-03-09,M012,54,82,74.0
2026-03-09,M013,342,240,89.4
2026-03-09,M014,139,31,92.6
2026-03-09,M015,148,19,81.2
2026-03-09,M016,273,164,83.6
2026-03-09,M017,432,56,83.0
2026-03-09,M018,405,115,85.0
2026-03-09,M019,476,91,90.4
2026-03-09,M020,241,101,75.7
2026-03-10,M001,396,78,76.9
2026-03-10,M002,477,165,91.0
2026-03-10,M003,246,20,87.2
2026-03-10,M004,353,205,81.9
2026-03-10,M005,174,89,81.2
2026-03-10,M006,132,54,92.3
2026-03-10,M007,321,56,72.2
2026-03-10,M008,148,93,85.1
2026-03-10,M009,40,93,64.5
2026-03-10,M010,271,27,85.7
2026-03-10,M011,490,23,88.5
2026-03-10,M012,479,114,71.0
2026-03-10,M013,374,227,82.0
2026-03-10,M014,446,78,86.5
2026-03-10,M015,411,17,93.4
2026-03-10,M016,333,96,73.1
2026-03-10,M017,355,18,77.7
2026-03-10,M018,289,217,80.3
2026-03-10,M019,276,227,90.3
2026-03-10,M020,512,23,82.1
2026-03-11,M001,436,88,85.9
2026-03-11,M002,256,132,86.5
2026-03-11,M003,415,221,80.7
2026-03-11,M004,220,130,84.4
2026-03-11,M005,185,177,92.4
2026-03-11,M006,173,47,89.4
2026-03-11,M007,174,182,78.8
2026-03-11,M008,493,52,84.0
2026-03-11,M009,77,180,74.4
2026-03-11,M010,187,17,78.8
2026-03-11,M011,488,150,85.6
2026-03-11,M012,272,207,67.8
2026-03-11,M013,67,62,71.7
2026-03-11,M014,375,35,69.9
2026-03-11,M015,317,104,88.5
2026-03-11,M016,293,36,74.1
2026-03-11,M017,294,101,87.0
2026-03-11,M018,375,154,72.5
2026-03-11,M019,50,86,95.7
2026-03-11,M020,354,129,83.6
2026-03-12,M001,480,231,68.5
2026-03-12,M002,30,122,84.8
2026-03-12,M003,303,40,95.0
2026-03-12,M004,410,195,67.5
2026-03-12,M005,139,66,77.1
2026-03-12,M006,155,150,69.1
2026-03-12,M007,52,95,89.6
2026-03-12,M008,239,225,90.0
2026-03-12,M009,376,94,74.3
2026-03-12,M010,202,110,94.1
2026-03-12,M011,117,161,86.5
2026-03-12,M012,443,202,79.4
2026-03-12,M013,227,186,89.8
2026-03-12,M014,139,63,74.0
2026-03-12,M015,326,118,76.5
2026-03-12,M016,264,11,74.9
2026-03-12,M017,453,192,93.7
2026-03-12,M018,76,229,74.7
2026-03-12,M019,97,80,89.0
2026-03-12,M020,197,111,70.7
2026-03-13,M001,72,51,89.7
2026-03-13,M002,233,159,85.7
2026-03-13,M003,430,19,90.7
2026-03-13,M004,158,119,85.8
2026-03-13,M005,259,128,93.4
2026-03-13,M006,513,210,87.4
2026-03-13,M007,434,214,81.4
2026-03-13,M008,452,147,78.4
2026-03-13,M009,168,240,78.2
2026-03-13,M010,32,106,95.1
2026-03-13,M011,30,61,76.1
2026-03-13,M012,509,64,93.5
2026-03-13,M013,41,61,80.7
2026-03-13,M014,65,110,65.0
2026-03-13,M015,204,87,88.6
2026-03-13,M016,410,42,84.9
2026-03-13,M017,380,191,85.5
2026-03-13,M018,130,165,95.6
2026-03-13,M019,309,168,75.6
2026-03-13,M020,410,194,74.6
2026-03-14,M001,390,177,88.1
2026-03-14,M002,318,116,90.8
2026-03-14,M003,404,70,68.8
2026-03-14,M004,259,14,72.8
2026-03-14,M005,99,94,68.2
2026-03-14,M006,344,177,69.6
2026-03-14,M007,440,80,87.9
2026-03-14,M008,229,184,86.8
2026-03-14,M009,183,237,64.1
2026-03-14,M010,237,236,79.1
2026-03-14,M011,69,60,74.9
2026-03-14,M012,425,133,73.7
2026-03-14,M013,173,64,64.9
2026-03-14,M014,339,79,82.8
2026-03-14,M015,48,157,69.6
2026-03-14,M016,63,89,83.6
2026-03-14,M017,259,124,86.0
2026-03-14,M018,332,132,73.7
2026-03-14,M019,360,208,81.1
2026-03-14,M020,469,165,83.4
2026-03-15,M001,143,87,66.1
2026-03-15,M002,151,92,67.0
2026-03-15,M003,212,51,83.1
2026-03-15,M004,336,25,73.3
2026-03-15,M005,430,227,94.3
2026-03-15,M006,289,233,76.1
2026-03-15,M007,254,201,84.7
2026-03-15,M008,143,130,66.6
2026-03-15,M009,237,36,77.6
2026-03-15,M010,125,101,94.2
2026-03-15,M011,34,119,79.3
2026-03-15,M012,67,96,81.8
2026-03-15,M013,245,51,77.7
2026-03-15,M014,468,201,76.0
2026-03-15,M015,192,141,64.9
2026-03-15,M016,87,176,84.1
2026-03-15,M017,158,230,90.5
2026-03-15,M018,262,101,83.1
2026-03-15,M019,185,10,81.1
2026-03-15,M020,261,96,75.8
2026-03-16,M001,30,137,67.4
2026-03-16,M002,341,80,92.1
2026-03-16,M003,308,201,88.2
2026-03-16,M004,211,234,93.5
2026-03-16,M005,147,199,84.6
2026-03-16,M006,467,75,93.6
2026-03-16,M007,30,224,66.3
2026-03-16,M008,497,165,73.6
2026-03-16,M009,226,116,70.2
2026-03-16,M010,301,177,93.9
2026-03-16,M011,179,23,79.5
2026-03-16,M012,211,156,64.2
2026-03-16,M013,329,83,66.4
2026-03-16,M014,207,234,85.3
2026-03-16,M015,247,142,91.2
2026-03-16,M016,154,57,88.0
2026-03-16,M017,506,82,67.1
2026-03-16,M018,406,155,94.7
2026-03-16,M019,89,152,91.2
2026-03-16,M020,246,99,86.4
2026-03-17,M001,348,10,76.2
2026-03-17,M002,60,227,71.7
2026-03-17,M003,508,200,81.2
2026-03-17,M004,269,56,65.2
2026-03-17,M005,167,184,77.8
2026-03-17,M006,25,104,93.9
2026-03-17,M007,342,175,78.7
2026-03-17,M008,276,217,89.9
2026-03-17,M009,267,13,70.7
2026-03-17,M010,194,108,91.1
2026-03-17,M011,175,64,86.7
2026-03-17,M012,109,41,72.2
2026-03-17,M013,286,53,67.3
2026-03-17,M014,360,121,93.2
2026-03-17,M015,113,74,77.1
2026-03-17,M016,54,154,69.3
2026-03-17,M017,261,17,93.9
2026-03-17,M018,244,43,92.2
2026-03-17,M019,511,17,77.6
2026-03-17,M020,337,199,94.6
2026-03-18,M001,208,164,79.2
2026-03-18,M002,430,26,91.1
2026-03-18,M003,290,136,76.8
2026-03-18,M004,262,161,78.6
2026-03-18,M005,96,135,67.2
2026-03-18,M006,85,139,85.7
2026-03-18,M007,473,209,75.2
2026-03-18,M008,383,119,85.1
2026-03-18,M009,256,17,81.4
2026-03-18,M010,406,125,87.9
2026-03-18,M011,404,128,76.6
2026-03-18,M012,336,140,92.5
2026-03-18,M013,365,104,92.6
2026-03-18,M014,511,179,81.6
2026-03-18,M015,475,101,78.3
2026-03-18,M016,437,230,69.1
2026-03-18,M017,267,107,71.9
2026-03-18,M018,384,30,67.0
2026-03-18,M019,51,48,90.8
2026-03-18,M020,409,108,85.0
2026-03-19,M001,49,186,87.3
2026-03-19,M002,355,183,68.4
2026-03-19,M003,228,181,71.9
2026-03-19,M004,122,227,84.5
2026-03-19,M005,381,20,88.6
2026-03-19,M006,55,148,84.7
2026-03-19,M007,339,140,78.2
2026-03-19,M008,430,192,70.5
2026-03-19,M009,298,56,90.4
2026-03-19,M010,453,172,67.2
2026-03-19,M011,85,162,84.9
2026-03-19,M012,296,75,83.9
2026-03-19,M013,132,81,94.4
2026-03-19,M014,276,60,79.4
2026-03-19,M015,419,171,81.9
2026-03-19,M016,443,192,74.7
2026-03-19,M017,65,83,93.2
2026-03-19,M018,80,54,66.4
2026-03-19,M019,431,141,74.4
2026-03-19,M020,58,90,86.5
2026-03-20,M001,293,59,87.9
2026-03-20,M002,72,46,77.0
2026-03-20,M003,479,50,65.8
2026-03-20,M004,507,75,67.7
2026-03-20,M005,446,125,94.7
2026-03-20,M006,233,119,95.5
2026-03-20,M007,112,108,84.1
2026-03-20,M008,344,113,67.9
2026-03-20,M009,45,34,87.9
2026-03-20,M010,498,188,84.6
2026-03-20,M011,317,177,90.2
2026-03-20,M012,291,24,82.7
2026-03-20,M013,377,31,95.1
2026-03-20,M014,377,24,84.6
2026-03-20,M015,351,89,68.1
2026-03-20,M016,249,83,68.0
2026-03-20,M017,374,178,88.2
2026-03-20,M018,468,64,91.4
2026-03-20,M019,425,126,88.8
2026-03-20,M020,303,38,73.1
2026-03-21,M001,45,204,92.1
2026-03-21,M002,54,16,85.6
2026-03-21,M003,267,28,85.7
2026-03-21,M004,444,173,69.4
2026-03-21,M005,307,135,78.2
2026-03-21,M006,423,200,79.1
2026-03-21,M007,114,61,80.0
2026-03-21,M008,299,8,83.1
2026-03-21,M009,119,159,77.7
2026-03-21,M010,403,174,88.0
2026-03-21,M011,353,83,64.7
2026-03-21,M012,295,227,92.7
2026-03-21,M013,368,111,65.9
2026-03-21,M014,463,174,74.1
2026-03-21,M015,157,28,76.2
2026-03-21,M016,330,45,93.3
2026-03-21,M017,258,160,70.6
2026-03-21,M018,129,38,67.8
2026-03-21,M019,41,180,64.5
2026-03-21,M020,109,159,94.7
2026-03-22,M001,371,171,70.1
2026-03-22,M002,354,96,82.1
2026-03-22,M003,477,127,74.5
2026-03-22,M004,453,115,83.1
2026-03-22,M005,393,154,85.7
2026-03-22,M006,304,204,79.4
2026-03-22,M007,254,227,75.6
2026-03-22,M008,49,117,84.6
2026-03-22,M009,457,76,83.5
2026-03-22,M010,445,127,64.6
2026-03-22,M011,372,180,66.4
2026-03-22,M012,103,169,87.6
2026-03-22,M013,291,166,73.6
2026-03-22,M014,155,118,69.0
2026-03-22,M015,38,46,94.3
2026-03-22,M016,206,209,73.5
2026-03-22,M017,430,120,69.1
2026-03-22,M018,505,139,85.1
2026-03-22,M019,234,46,65.0
2026-03-22,M020,101,37,89.0
2026-03-23,M001,397,65,86.4
2026-03-23,M002,188,173,81.7
2026-03-23,M003,166,191,86.5
2026-03-23,M004,330,9,82.6
2026-03-23,M005,367,182,87.1
2026-03-23,M006,446,188,81.7
2026-03-23,M007,344,134,85.6
2026-03-23,M008,347,51,93.1
2026-03-23,M009,470,109,93.4
2026-03-23,M010,272,221,95.3
2026-03-23,M011,331,176,66.0
2026-03-23,M012,200,159,81.1
2026-03-23,M013,512,14,71.5
2026-03-23,M014,470,200,65.8
2026-03-23,M015,183,234,81.6
2026-03-23,M016,157,44,72.5
2026-03-23,M017,489,164,87.0
2026-03-23,M018,96,79,87.5
2026-03-23,M019,334,126,94.9
2026-03-23,M020,168,54,78.2
2026-03-24,M001,454,65,88.7
2026-03-24,M002,114,19,73.9
2026-03-24,M003,253,179,89.3
2026-03-24,M004,234,225,95.2
2026-03-24,M005,344,155,94.0
2026-03-24,M006,42,157,81.5
2026-03-24,M007,309,84,77.5
2026-03-24,M008,351,166,80.9
2026-03-24,M009,81,48,86.3
2026-03-24,M010,191,37,66.6
2026-03-24,M011,464,212,71.0
2026-03-24,M012,340,217,64.1
2026-03-24,M013,302,128,93.4
2026-03-24,M014,467,135,73.3
2026-03-24,M015,489,182,84.6
2026-03-24,M016,489,222,77.7
2026-03-24,M017,306,151,91.9
2026-03-24,M018,168,117,92.8
2026-03-24,M019,33,167,64.6
2026-03-24,M020,84,185,89.3
2026-03-25,M001,270,153,64.3
2026-03-25,M002,401,87,65.3
2026-03-25,M003,502,89,87.7
2026-03-25,M004,445,170,81.3
2026-03-25,M005,112,211,93.4
2026-03-25,M006,414,27,80.2
2026-03-25,M007,397,216,94.3
2026-03-25,M008,381,141,87.7
2026-03-25,M009,320,64,67.4
2026-03-25,M010,122,114,77.6
2026-03-25,M011,189,32,95.2
2026-03-25,M012,366,234,67.8
2026-03-25,M013,324,135,82.2
2026-03-25,M014,384,235,83.7
2026-03-25,M015,212,193,68.1
2026-03-25,M016,89,171,79.3
2026-03-25,M017,511,202,72.8
2026-03-25,M018,157,104,73.5
2026-03-25,M019,448,145,82.5
2026-03-25,M020,506,57,70.9
2026-03-26,M001,212,157,65.4
2026-03-26,M002,184,58,95.7
2026-03-26,M003,314,24,77.0
2026-03-26,M004,246,228,94.4
2026-03-26,M005,486,145,77.4
2026-03-26,M006,202,91,86.8
2026-03-26,M007,150,18,68.4
2026-03-26,M008,209,180,78.0
2026-03-26,M009,332,238,80.8
2026-03-26,M010,60,114,90.9
2026-03-26,M011,269,119,72.0
2026-03-26,M012,37,166,74.8
2026-03-26,M013,341,56,65.1
2026-03-26,M014,420,44,71.6
2026-03-26,M015,516,49,80.9
2026-03-26,M016,520,48,79.8
2026-03-26,M017,192,236,85.7
2026-03-26,M018,286,31,80.5
2026-03-26,M019,414,98,71.4
2026-03-26,M020,345,17,88.3
2026-03-27,M001,292,20,95.9
2026-03-27,M002,169,21,81.3
2026-03-27,M003,108,207,77.9
2026-03-27,M004,500,218,82.5
2026-03-27,M005,158,151,71.0
2026-03-27,M006,466,231,80.6
2026-03-27,M007,461,20,66.0
2026-03-27,M008,25,59,89.9
2026-03-27,M009,117,152,78.1
2026-03-27,M010,111,224,74.2
2026-03-27,M011,266,134,77.0
2026-03-27,M012,152,162,81.6
2026-03-27,M013,170,205,82.5
2026-03-27,M014,233,137,90.6
2026-03-27,M015,107,182,70.2
2026-03-27,M016,266,191,92.7
2026-03-27,M017,365,73,85.7
2026-03-27,M018,256,16,81.1
2026-03-27,M019,154,145,79.7
2026-03-27,M020,515,37,94.0
2026-03-28,M001,229,68,83.4
2026-03-28,M002,346,215,82.0
2026-03-28,M003,182,174,95.3
2026-03-28,M004,180,33,76.7
2026-03-28,M005,383,91,70.1
2026-03-28,M006,393,97,94.6
2026-03-28,M007,279,85,77.7
2026-03-28,M008,453,145,87.7
2026-03-28,M009,163,19,74.8
2026-03-28,M010,226,207,92.3
2026-03-28,M011,345,213,76.6
2026-03-28,M012,482,185,84.1
2026-03-28,M013,76,131,85.9
2026-03-28,M014,438,156,64.4
2026-03-28,M015,79,236,77.4
2026-03-28,M016,34,177,65.9
2026-03-28,M017,176,84,90.6
2026-03-28,M018,355,48,73.9
2026-03-28,M019,289,114,74.7
2026-03-28,M020,380,33,83.6
2026-03-29,M001,475,128,70.6
2026-03-29,M002,176,147,95.1
2026-03-29,M003,511,91,77.2
2026-03-29,M004,109,95,81.1
2026-03-29,M005,180,174,66.3
2026-03-29,M006,124,215,72.3
2026-03-29,M007,484,73,78.4
2026-03-29,M008,80,201,86.1
2026-03-29,M009,112,33,74.0
2026-03-29,M010,412,65,77.2
2026-03-29,M011,214,101,64.9
2026-03-29,M012,52,99,82.5
2026-03-29,M013,409,70,93.2
2026-03-29,M014,48,114,94.6
2026-03-29,M015,463,11,82.4
2026-03-29,M016,467,151,93.0
2026-03-29,M017,102,117,74.3
2026-03-29,M018,54,82,65.0
2026-03-29,M019,140,130,94.6
2026-03-29,M020,123,152,78.5
2026-03-30,M001,316,174,67.6
2026-03-30,M002,412,91,83.7
2026-03-30,M003,120,42,85.9
2026-03-30,M004,460,205,71.5
2026-03-30,M005,93,193,83.5
2026-03-30,M006,50,122,87.4
2026-03-30,M007,281,188,64.0
2026-03-30,M008,516,202,68.4
2026-03-30,M009,235,239,77.2
2026-03-30,M010,332,77,95.4
2026-03-30,M011,49,192,78.2
2026-03-30,M012,473,96,83.4
2026-03-30,M013,430,71,95.2
2026-03-30,M014,289,30,66.3
2026-03-30,M015,388,189,84.0
2026-03-30,M016,62,200,64.3
2026-03-30,M017,348,34,85.9
2026-03-30,M018,181,232,68.1
2026-03-30,M019,418,85,73.9
2026-03-30,M020,87,93,88.2
2026-03-31,M001,150,79,66.4
2026-03-31,M002,370,104,94.9
2026-03-31,M003,234,134,66.8
2026-03-31,M004,47,125,75.1
2026-03-31,M005,423,82,68.5
2026-03-31,M006,458,89,83.6
2026-03-31,M007,380,199,69.6
2026-03-31,M008,331,46,91.8
2026-03-31,M009,207,38,92.8
2026-03-31,M010,287,127,88.1
2026-03-31,M011,395,17,68.5
2026-03-31,M012,256,23,84.5
2026-03-31,M013,327,144,83.4
2026-03-31,M014,72,149,93.4
2026-03-31,M015,485,71,83.8
2026-03-31,M016,171,75,65.4
2026-03-31,M017,29,167,74.9
2026-03-31,M018,26,165,81.3
2026-03-31,M019,97,146,73.1
2026-03-31,M020,123,67,86.7
2026-04-01,M001,326,100,91.0
2026-04-01,M002,470,133,71.4
2026-04-01,M003,161,165,85.4
2026-04-01,M004,99,111,82.9
2026-04-01,M005,320,198,89.6
2026-04-01,M006,54,91,92.3
2026-04-01,M007,42,39,82.4
2026-04-01,M008,39,159,84.6
2026-04-01,M009,170,210,95.0
2026-04-01,M010,266,137,79.9
2026-04-01,M011,194,220,69.4
2026-04-01,M012,416,144,67.3
2026-04-01,M013,171,193,91.6
2026-04-01,M014,240,178,88.3
2026-04-01,M015,313,51,64.8
2026-04-01,M016,339,19,81.8
2026-04-01,M017,450,46,92.2
2026-04-01,M018,181,72,90.6
2026-04-01,M019,268,105,86.0
2026-04-01,M020,174,30,75.9
2026-04-02,M001,418,39,65.5
2026-04-02,M002,160,192,91.8
2026-04-02,M003,292,179,80.9
2026-04-02,M004,437,208,68.1
2026-04-02,M005,253,56,90.2
2026-04-02,M006,451,156,70.4
2026-04-02,M007,519,165,95.3
2026-04-02,M008,230,232,67.2
2026-04-02,M009,323,176,83.3
2026-04-02,M010,308,13,71.5
2026-04-02,M011,94,215,76.0
2026-04-02,M012,108,157,95.9
2026-04-02,M013,72,185,93.3
2026-04-02,M014,135,150,78.4
2026-04-02,M015,126,134,65.3
2026-04-02,M016,516,28,78.0
2026-04-02,M017,491,79,75.8
2026-04-02,M018,229,144,68.2
2026-04-02,M019,57,82,74.3
2026-04-02,M020,422,148,93.8
2026-04-03,M001,512,186,91.6
2026-04-03,M002,285,110,84.0
2026-04-03,M003,413,92,86.4
2026-04-03,M004,429,140,73.9
2026-04-03,M005,120,59,86.9
2026-04-03,M006,46,45,74.2
2026-04-03,M007,248,136,70.8
2026-04-03,M008,371,69,91.0
2026-04-03,M009,304,8,83.5
2026-04-03,M010,89,115,83.5
2026-04-03,M011,33,218,88.8
2026-04-03,M012,373,43,82.6
2026-04-03,M013,468,118,80.8
2026-04-03,M014,388,65,82.3
2026-04-03,M015,512,23,69.8
2026-04-03,M016,103,32,82.5
2026-04-03,M017,36,29,68.4
2026-04-03,M018,358,121,66.4
2026-04-03,M019,115,34,90.1
2026-04-03,M020,481,159,64.9
2026-04-04,M001,178,42,71.9
2026-04-04,M002,258,35,81.8
2026-04-04,M003,43,52,77.1
2026-04-04,M004,338,80,81.7
2026-04-04,M005,222,187,73.5
2026-04-04,M006,469,183,87.9
2026-04-04,M007,505,162,75.6
2026-04-04,M008,479,122,67.3
2026-04-04,M009,307,27,64.4
2026-04-04,M010,249,67,95.6
2026-04-04,M011,469,199,77.8
2026-04-04,M012,450,146,70.3
2026-04-04,M013,140,131,86.5
2026-04-04,M014,179,106,95.4
2026-04-04,M015,507,87,90.5
2026-04-04,M016,208,73,81.2
2026-04-04,M017,197,218,89.9
2026-04-04,M018,224,105,67.6
2026-04-04,M019,30,231,65.1
2026-04-04,M020,185,15,69.6
2026-04-05,M001,428,123,86.0
2026-04-05,M002,353,159,84.9
2026-04-05,M003,145,58,92.2
2026-04-05,M004,294,114,87.7
2026-04-05,M005,93,89,87.5
2026-04-05,M006,363,60,80.5
2026-04-05,M007,195,18,85.7
2026-04-05,M008,34,10,79.2
2026-04-05,M009,490,168,74.7
2026-04-05,M010,126,57,75.5
2026-04-05,M011,474,161,78.1
2026-04-05,M012,499,11,64.7
2026-04-05,M013,49,214,72.9
2026-04-05,M014,146,82,70.8
2026-04-05,M015,402,29,80.8
2026-04-05,M016,282,57,72.5
2026-04-05,M017,168,139,81.6
2026-04-05,M018,420,173,93.5
2026-04-05,M019,440,39,70.6
2026-04-05,M020,208,63,83.8
2026-04-06,M001,128,169,86.5
2026-04-06,M002,207,31,66.4
2026-04-06,M003,266,171,95.8
2026-04-06,M004,209,162,82.8
2026-04-06,M005,186,206,70.7
2026-04-06,M006,426,82,71.4
2026-04-06,M007,225,202,88.0
2026-04-06,M008,59,143,80.8
2026-04-06,M009,365,216,78.9
2026-04-06,M010,132,240,82.3
2026-04-06,M011,339,195,92.5
2026-04-06,M012,417,209,91.1
2026-04-06,M013,403,184,76.2
2026-04-06,M014,436,31,75.8
2026-04-06,M015,155,33,70.4
2026-04-06,M016,268,133,69.5
2026-04-06,M017,32,47,86.9
2026-04-06,M018,134,87,89.7
2026-04-06,M019,413,69,67.5
2026-04-06,M020,365,228,68.3
2026-04-07,M001,333,106,82.7
2026-04-07,M002,128,214,66.3
2026-04-07,M003,142,174,77.9
2026-04-07,M004,85,147,91.7
2026-04-07,M005,148,146,90.6
2026-04-07,M006,156,182,91.3
2026-04-07,M007,336,72,92.3
2026-04-07,M008,506,223,74.8
2026-04-07,M009,427,175,68.0
2026-04-07,M010,216,182,79.5
2026-04-07,M011,136,212,92.8
2026-04-07,M012,395,75,67.0
2026-04-07,M013,324,216,65.6
2026-04-07,M014,356,36,79.4
2026-04-07,M015,366,146,83.4
2026-04-07,M016,132,8,66.7
2026-04-07,M017,174,93,79.9
2026-04-07,M018,53,230,71.8
2026-04-07,M019,130,47,93.9
2026-04-07,M020,516,61,83.0
2026-04-08,M001,342,225,68.6
2026-04-08,M002,34,45,66.5
2026-04-08,M003,64,137,70.4
2026-04-08,M004,319,223,79.6
2026-04-08,M005,441,90,90.8
2026-04-08,M006,89,142,91.6
2026-04-08,M007,179,49,86.4
2026-04-08,M008,107,79,72.7
2026-04-08,M009,38,130,68.8
2026-04-08,M010,411,121,95.6
2026-04-08,M011,195,220,66.8
2026-04-08,M012,92,106,86.5
2026-04-08,M013,149,159,78.2
2026-04-08,M014,278,149,77.9
2026-04-08,M015,459,13,84.6
2026-04-08,M016,253,209,93.3
2026-04-08,M017,448,148,69.9
2026-04-08,M018,384,77,66.8
2026-04-08,M019,197,125,85.2
2026-04-08,M020,186,167,74.0
2026-04-09,M001,159,74,76.0
2026-04-09,M002,370,159,84.6
2026-04-09,M003,364,160,81.4
2026-04-09,M004,222,240,87.0
2026-04-09,M005,282,159,73.8
2026-04-09,M006,124,143,87.4
2026-04-09,M007,148,174,76.3
2026-04-09,M008,507,225,79.9
2026-04-09,M009,506,163,66.3
2026-04-09,M010,110,51,67.1
2026-04-09,M011,112,238,67.3
2026-04-09,M012,349,206,84.3
2026-04-09,M013,107,115,78.0
2026-04-09,M014,111,220,94.9
2026-04-09,M015,274,183,76.8
2026-04-09,M016,232,11,65.4
2026-04-09,M017,386,76,66.9
2026-04-09,M018,340,96,94.4
2026-04-09,M019,402,201,67.6
2026-04-09,M020,99,21,80.6
2026-04-10,M001,369,64,75.5
2026-04-10,M002,79,196,66.7
2026-04-10,M003,503,179,87.5
2026-04-10,M004,49,27,68.8
2026-04-10,M005,404,169,91.6
2026-04-10,M006,35,117,92.0
2026-04-10,M007,110,155,69.6
2026-04-10,M008,260,41,67.2
2026-04-10,M009,185,233,88.4
2026-04-10,M010,349,151,79.3
2026-04-10,M011,33,150,65.5
2026-04-10,M012,87,92,65.7
2026-04-10,M013,142,182,80.8
2026-04-10,M014,195,173,74.2
2026-04-10,M015,474,16,64.1
2026-04-10,M016,335,35,88.3
2026-04-10,M017,386,34,75.8
2026-04-10,M018,91,13,90.2
2026-04-10,M019,419,208,94.8
2026-04-10,M020,480,223,78.7
2026-04-11,M001,477,78,90.4
2026-04-11,M002,200,210,66.0
2026-04-11,M003,376,71,72.0
2026-04-11,M004,45,239,68.0
2026-04-11,M005,387,154,67.0
2026-04-11,M006,457,22,80.6
2026-04-11,M007,246,15,93.8
2026-04-11,M008,104,138,89.5
2026-04-11,M009,217,20,66.5
2026-04-11,M010,26,79,68.6
2026-04-11,M011,85,83,93.9
2026-04-11,M012,504,120,79.1
2026-04-11,M013,298,82,73.9
2026-04-11,M014,174,176,81.6
2026-04-11,M015,260,25,86.0
2026-04-11,M016,425,174,72.8
2026-04-11,M017,458,198,69.8
2026-04-11,M018,383,148,64.7
2026-04-11,M019,80,226,77.1
2026-04-11,M020,86,161,94.0
2026-04-12,M001,339,109,68.0
2026-04-12,M002,473,38,81.2
2026-04-12,M003,86,128,72.0
2026-04-12,M004,83,116,88.1
2026-04-12,M005,296,23,86.6
2026-04-12,M006,282,180,67.8
2026-04-12,M007,386,109,93.1
2026-04-12,M008,365,189,82.0
2026-04-12,M009,38,157,88.5
2026-04-12,M010,504,63,69.6
2026-04-12,M011,448,101,79.7
2026-04-12,M012,45,144,77.9
2026-04-12,M013,255,185,65.5
2026-04-12,M014,458,214,84.1
2026-04-12,M015,455,82,84.3
2026-04-12,M016,314,25,67.6
2026-04-12,M017,182,75,95.8
2026-04-12,M018,89,40,95.3
2026-04-12,M019,444,28,72.5
2026-04-12,M020,480,161,75.4
2026-04-13,M001,41,137,83.7
2026-04-13,M002,253,166,85.3
2026-04-13,M003,52,176,77.7
2026-04-13,M004,76,163,88.3
2026-04-13,M005,97,235,83.3
2026-04-13,M006,403,219,73.8
2026-04-13,M007,318,202,67.5
2026-04-13,M008,270,65,86.6
2026-04-13,M009,50,68,68.1
2026-04-13,M010,362,39,86.6
2026-04-13,M011,184,162,95.6
2026-04-13,M012,427,132,80.5
2026-04-13,M013,162,114,95.1
2026-04-13,M014,105,11,87.3
2026-04-13,M015,297,56,79.7
2026-04-13,M016,148,41,94.0
2026-04-13,M017,176,154,93.9
2026-04-13,M018,518,24,75.8
2026-04-13,M019,87,29,85.0
2026-04-13,M020,415,127,81.4
2026-04-14,M001,133,196,85.5
2026-04-14,M002,286,75,86.4
2026-04-14,M003,441,74,84.1
2026-04-14,M004,37,162,86.9
2026-04-14,M005,389,124,77.1
2026-04-14,M006,67,38,79.1
2026-04-14,M007,199,185,89.1
2026-04-14,M008,106,100,71.4
2026-04-14,M009,235,239,69.0
2026-04-14,M010,418,118,81.2
2026-04-14,M011,35,173,92.0
2026-04-14,M012,517,13,85.1
2026-04-14,M013,101,49,77.3
2026-04-14,M014,432,85,77.8
2026-04-14,M015,199,225,84.0
2026-04-14,M016,516,27,67.0
2026-04-14,M017,49,155,79.5
2026-04-14,M018,144,81,86.9
2026-04-14,M019,485,126,85.3
2026-04-14,M020,473,182,92.8
2026-04-15,M001,292,50,90.5
2026-04-15,M002,42,59,94.9
2026-04-15,M003,59,205,90.0
2026-04-15,M004,223,186,80.2
2026-04-15,M005,154,52,68.7
2026-04-15,M006,488,60,79.2
2026-04-15,M007,304,183,64.1
2026-04-15,M008,358,52,78.6
2026-04-15,M009,462,77,67.6
2026-04-15,M010,82,133,67.0
2026-04-15,M011,130,24,77.1
2026-04-15,M012,70,63,70.8
2026-04-15,M013,89,98,93.0
2026-04-15,M014,506,126,87.6
2026-04-15,M015,53,18,81.8
2026-04-15,M016,155,19,77.6
2026-04-15,M017,320,223,95.3
2026-04-15,M018,232,125,79.5
2026-04-15,M019,271,139,79.6
2026-04-15,M020,85,49,85.9
2026-04-16,M001,59,8,87.8
2026-04-16,M002,293,42,75.1
2026-04-16,M003,368,183,72.4
2026-04-16,M004,465,11,95.0
2026-04-16,M005,272,182,66.5
2026-04-16,M006,257,151,66.4
2026-04-16,M007,495,166,74.2
2026-04-16,M008,35,146,72.6
2026-04-16,M009,439,219,90.9
2026-04-16,M010,422,44,83.5
2026-04-16,M011,512,45,81.4
2026-04-16,M012,285,108,68.4
2026-04-16,M013,193,176,89.3
2026-04-16,M014,27,14,65.0
2026-04-16,M015,155,210,66.0
2026-04-16,M016,126,70,68.8
2026-04-16,M017,77,123,84.2
2026-04-16,M018,303,119,68.7
2026-04-16,M019,433,80,65.5
2026-04-16,M020,394,16,79.6
2026-04-17,M001,474,95,65.4
2026-04-17,M002,428,126,64.5
2026-04-17,M003,146,68,66.8
2026-04-17,M004,378,68,68.5
2026-04-17,M005,322,88,93.5
2026-04-17,M006,411,122,66.6
2026-04-17,M007,373,189,95.0
2026-04-17,M008,445,186,80.2
2026-04-17,M009,365,98,70.9
2026-04-17,M010,214,227,88.0
2026-04-17,M011,166,10,89.7
2026-04-17,M012,147,124,72.4
2026-04-17,M013,412,71,66.0
2026-04-17,M014,457,10,80.0
2026-04-17,M015,502,45,93.9
2026-04-17,M016,178,156,92.1
2026-04-17,M017,67,136,67.2
2026-04-17,M018,209,100,93.3
2026-04-17,M019,482,130,66.1
2026-04-17,M020,289,115,68.8
2026-04-18,M001,78,153,70.2
2026-04-18,M002,442,217,72.1
2026-04-18,M003,97,108,78.3
2026-04-18,M004,299,156,81.2
2026-04-18,M005,136,233,93.4
2026-04-18,M006,466,179,75.3
2026-04-18,M007,250,107,69.6
2026-04-18,M008,517,199,73.0
2026-04-18,M009,448,224,81.6
2026-04-18,M010,128,67,66.4
2026-04-18,M011,215,32,92.4
2026-04-18,M012,37,182,81.1
2026-04-18,M013,165,152,77.1
2026-04-18,M014,317,206,82.1
2026-04-18,M015,332,97,76.6
2026-04-18,M016,382,73,95.7
2026-04-18,M017,264,207,90.0
2026-04-18,M018,403,30,95.7
2026-04-18,M019,452,50,66.4
2026-04-18,M020,310,238,87.5
2026-04-19,M001,227,56,95.0
2026-04-19,M002,304,97,82.1
2026-04-19,M003,189,174,65.5
2026-04-19,M004,413,91,74.4
2026-04-19,M005,326,118,81.7
2026-04-19,M006,83,163,65.6
2026-04-19,M007,188,227,77.4
2026-04-19,M008,107,132,73.8
2026-04-19,M009,123,83,91.6
2026-04-19,M010,60,21,95.7
2026-04-19,M011,267,205,70.3
2026-04-19,M012,433,82,85.9
2026-04-19,M013,261,196,86.8
2026-04-19,M014,68,78,76.2
2026-04-19,M015,372,137,83.1
2026-04-19,M016,464,208,65.0
2026-04-19,M017,388,230,80.3
2026-04-19,M018,57,136,82.2
2026-04-19,M019,437,136,91.4
2026-04-19,M020,513,33,73.4
2026-04-20,M001,52,186,69.3
2026-04-20,M002,458,195,81.1
2026-04-20,M003,365,109,89.9
2026-04-20,M004,159,20,78.0
2026-04-20,M005,111,66,89.3
2026-04-20,M006,286,231,92.1
2026-04-20,M007,459,238,88.9
2026-04-20,M008,93,98,79.9
2026-04-20,M009,347,79,74.2
2026-04-20,M010,56,113,69.3
2026-04-20,M011,278,125,83.3
2026-04-20,M012,494,16,87.1
2026-04-20,M013,487,156,79.1
2026-04-20,M014,336,189,77.7
2026-04-20,M015,472,153,89.9
2026-04-20,M016,237,152,90.2
2026-04-20,M017,79,233,89.6
2026-04-20,M018,242,127,64.2
2026-04-20,M019,362,55,72.3
2026-04-20,M020,310,237,80.2
2026-04-21,M001,215,67,84.5
2026-04-21,M002,368,122,65.0
2026-04-21,M003,29,210,89.6
2026-04-21,M004,94,56,92.6
2026-04-21,M005,307,169,70.6
2026-04-21,M006,318,93,69.5
2026-04-21,M007,430,84,87.1
2026-04-21,M008,88,180,76.7
2026-04-21,M009,106,163,71.7
2026-04-21,M010,513,166,80.9
2026-04-21,M011,136,147,66.3
2026-04-21,M012,448,169,69.7
2026-04-21,M013,412,233,92.3
2026-04-21,M014,212,40,88.3
2026-04-21,M015,303,169,67.6
2026-04-21,M016,249,76,75.4
2026-04-21,M017,31,222,85.1
2026-04-21,M018,167,179,89.2
2026-04-21,M019,366,116,79.0
2026-04-21,M020,488,24,79.0
2026-04-22,M001,514,70,90.0
2026-04-22,M002,99,228,88.4
2026-04-22,M003,281,147,89.5
2026-04-22,M004,106,88,92.6
2026-04-22,M005,120,217,75.5
2026-04-22,M006,181,33,65.0
2026-04-22,M007,467,11,94.3
2026-04-22,M008,190,21,72.3
2026-04-22,M009,205,200,81.0
2026-04-22,M010,431,167,74.4
2026-04-22,M011,169,33,64.4
2026-04-22,M012,446,222,65.6
2026-04-22,M013,250,237,83.0
2026-04-22,M014,488,36,79.2
2026-04-22,M015,510,153,87.4
2026-04-22,M016,364,135,92.3
2026-04-22,M017,40,173,67.8
2026-04-22,M018,391,93,72.4
2026-04-22,M019,303,38,66.4
2026-04-22,M020,312,17,71.1
2026-04-23,M001,315,21,70.2
2026-04-23,M002,114,92,73.1
2026-04-23,M003,76,68,66.0
2026-04-23,M004,385,19,79.5
2026-04-23,M005,331,57,72.0
2026-04-23,M006,210,16,93.8
2026-04-23,M007,140,86,67.6
2026-04-23,M008,388,117,89.1
2026-04-23,M009,270,185,75.9
2026-04-23,M010,79,149,90.7
2026-04-23,M011,461,9,78.6
2026-04-23,M012,46,51,89.6
2026-04-23,M013,220,132,74.2
2026-04-23,M014,429,65,76.8
2026-04-23,M015,343,212,77.0
2026-04-23,M016,91,128,80.4
2026-04-23,M017,466,46,84.7
2026-04-23,M018,248,90,73.0
2026-04-23,M019,445,119,82.3
2026-04-23,M020,75,82,88.0
2026-04-24,M001,503,200,83.5
2026-04-24,M002,64,31,93.4
2026-04-24,M003,437,218,72.1
2026-04-24,M004,278,217,91.0
2026-04-24,M005,270,150,89.1
2026-04-24,M006,61,210,78.8
2026-04-24,M007,43,238,83.8
2026-04-24,M008,326,47,90.6
2026-04-24,M009,283,124,81.2
2026-04-24,M010,141,204,87.7
2026-04-24,M011,463,221,77.4
2026-04-24,M012,149,164,94.0
2026-04-24,M013,437,10,90.5
2026-04-24,M014,154,201,66.9
2026-04-24,M015,314,134,74.4
2026-04-24,M016,115,128,75.4
2026-04-24,M017,355,209,94.4
2026-04-24,M018,193,17,70.2
2026-04-24,M019,180,218,68.6
2026-04-24,M020,265,58,81.2
2026-04-25,M001,313,88,69.7
2026-04-25,M002,427,125,72.2
2026-04-25,M003,227,159,79.8
2026-04-25,M004,194,10,78.8
2026-04-25,M005,417,28,79.8
2026-04-25,M006,116,69,68.3
2026-04-25,M007,288,87,86.7
2026-04-25,M008,256,74,85.4
2026-04-25,M009,268,136,87.9
2026-04-25,M010,487,129,73.1
2026-04-25,M011,494,229,66.3
2026-04-25,M012,415,231,94.8
2026-04-25,M013,34,110,65.4
2026-04-25,M014,450,107,85.0
2026-04-25,M015,203,224,82.2
2026-04-25,M016,163,39,68.0
2026-04-25,M017,443,167,68.9
2026-04-25,M018,505,51,90.9
2026-04-25,M019,503,161,90.9
2026-04-25,M020,35,70,64.0
2026-04-26,M001,378,217,70.2
2026-04-26,M002,84,149,68.6
2026-04-26,M003,337,61,65.1
2026-04-26,M004,448,169,89.4
2026-04-26,M005,273,97,64.0
2026-04-26,M006,480,90,76.8
2026-04-26,M007,231,193,84.2
2026-04-26,M008,152,88,80.3
2026-04-26,M009,293,11,89.9
2026-04-26,M010,313,114,84.4
2026-04-26,M011,426,13,81.7
2026-04-26,M012,165,194,88.5
2026-04-26,M013,274,168,71.1
2026-04-26,M014,415,213,64.1
2026-04-26,M015,209,68,67.2
2026-04-26,M016,354,52,80.1
2026-04-26,M017,79,36,84.2
2026-04-26,M018,376,53,79.6
2026-04-26,M019,384,138,79.9
2026-04-26,M020,259,128,72.8
2026-04-27,M001,138,41,78.8
2026-04-27,M002,390,154,75.1
2026-04-27,M003,31,167,67.0
2026-04-27,M004,472,105,69.1
2026-04-27,M005,101,205,95.3
2026-04-27,M006,337,35,75.2
2026-04-27,M007,187,145,82.1
2026-04-27,M008,66,116,78.5
2026-04-27,M009,82,55,81.1
2026-04-27,M010,50,14,68.8
2026-04-27,M011,363,46,81.9
2026-04-27,M012,512,111,87.2
2026-04-27,M013,174,228,78.7
2026-04-27,M014,402,176,79.1
2026-04-27,M015,290,49,87.1
2026-04-27,M016,421,77,91.9
2026-04-27,M017,501,235,94.7
2026-04-27,M018,479,56,91.9
2026-04-27,M019,516,168,64.3
2026-04-27,M020,240,163,71.5
2026-04-28,M001,211,109,89.4
2026-04-28,M002,142,94,73.8
2026-04-28,M003,81,95,86.4
2026-04-28,M004,473,44,94.2
2026-04-28,M005,398,72,81.1
2026-04-28,M006,31,172,87.1
2026-04-28,M007,31,129,82.1
2026-04-28,M008,421,186,65.4
2026-04-28,M009,172,15,85.7
2026-04-28,M010,108,121,77.7
2026-04-28,M011,348,169,66.1
2026-04-28,M012,108,61,66.7
2026-04-28,M013,73,231,95.4
2026-04-28,M014,481,172,95.4
2026-04-28,M015,279,71,81.9
2026-04-28,M016,227,12,69.3
2026-04-28,M017,277,225,86.4
2026-04-28,M018,368,94,88.7
2026-04-28,M019,309,93,91.6
2026-04-28,M020,49,96,86.8
2026-04-29,M001,117,152,85.2
2026-04-29,M002,191,209,84.7
2026-04-29,M003,148,205,86.1
2026-04-29,M004,275,167,77.3
2026-04-29,M005,515,216,74.8
2026-04-29,M006,446,132,69.3
2026-04-29,M007,135,114,89.2
2026-04-29,M008,127,197,66.6
2026-04-29,M009,192,135,75.0
2026-04-29,M010,74,167,76.1
2026-04-29,M011,195,60,88.3
2026-04-29,M012,350,125,77.0
2026-04-29,M013,431,150,64.5
2026-04-29,M014,159,152,70.3
2026-04-29,M015,31,181,94.8
2026-04-29,M016,188,199,92.0
2026-04-29,M017,67,17,65.2
2026-04-29,M018,43,116,88.5
2026-04-29,M019,378,231,94.1
2026-04-29,M020,265,50,73.4
2026-04-30,M001,184,104,70.8
2026-04-30,M002,359,210,76.3
2026-04-30,M003,340,116,71.7
2026-04-30,M004,160,142,85.1
2026-04-30,M005,452,238,92.5
2026-04-30,M006,330,197,92.9
2026-04-30,M007,295,150,84.6
2026-04-30,M008,383,235,76.6
2026-04-30,M009,391,74,84.4
2026-04-30,M010,111,47,84.8
2026-04-30,M011,187,199,67.1
2026-04-30,M012,277,10,68.1
2026-04-30,M013,123,205,68.7
2026-04-30,M014,230,170,72.9
2026-04-30,M015,455,218,93.5
2026-04-30,M016,301,96,82.4
2026-04-30,M017,272,53,79.6
2026-04-30,M018,228,156,68.1
2026-04-30,M019,129,85,66.0
2026-04-30,M020,468,176,69.1
